{
  "@timestamp" : "2025-04-12T11:15:10.1031593-03:00",
  "@version" : "1",
  "message" : "Starting CategoryV2ControllerTest using Java 17.0.12 with PID 25632 (started by vvpro in C:\\Users\\vvpro\\OneDrive\\Documents\\desafio-entrevistas\\simples-dental\\desafio-backend)",
  "logger_name" : "com.simplesdental.product.controller.CategoryV2ControllerTest",
  "thread_name" : "main",
  "level" : "INFO",
  "level_value" : 20000,
  "caller_class_name" : "org.springframework.boot.StartupInfoLogger",
  "caller_method_name" : "logStarting",
  "caller_file_name" : "StartupInfoLogger.java",
  "caller_line_number" : 50
}
{
  "@timestamp" : "2025-04-12T11:15:10.1218561-03:00",
  "@version" : "1",
  "message" : "No active profile set, falling back to 1 default profile: \"default\"",
  "logger_name" : "com.simplesdental.product.controller.CategoryV2ControllerTest",
  "thread_name" : "main",
  "level" : "INFO",
  "level_value" : 20000,
  "caller_class_name" : "org.springframework.boot.SpringApplication",
  "caller_method_name" : "logStartupProfileInfo",
  "caller_file_name" : "SpringApplication.java",
  "caller_line_number" : 654
}
{
  "@timestamp" : "2025-04-12T11:15:12.3698911-03:00",
  "@version" : "1",
  "message" : "Started CategoryV2ControllerTest in 2.839 seconds (process running for 3.672)",
  "logger_name" : "com.simplesdental.product.controller.CategoryV2ControllerTest",
  "thread_name" : "main",
  "level" : "INFO",
  "level_value" : 20000,
  "caller_class_name" : "org.springframework.boot.StartupInfoLogger",
  "caller_method_name" : "logStarted",
  "caller_file_name" : "StartupInfoLogger.java",
  "caller_line_number" : 56
}
{
  "@timestamp" : "2025-04-12T11:15:12.7818627-03:00",
  "@version" : "1",
  "message" : "Starting ProductV2ControllerTest using Java 17.0.12 with PID 25632 (started by vvpro in C:\\Users\\vvpro\\OneDrive\\Documents\\desafio-entrevistas\\simples-dental\\desafio-backend)",
  "logger_name" : "com.simplesdental.product.controller.ProductV2ControllerTest",
  "thread_name" : "main",
  "level" : "INFO",
  "level_value" : 20000,
  "caller_class_name" : "org.springframework.boot.StartupInfoLogger",
  "caller_method_name" : "logStarting",
  "caller_file_name" : "StartupInfoLogger.java",
  "caller_line_number" : 50
}
{
  "@timestamp" : "2025-04-12T11:15:12.7828624-03:00",
  "@version" : "1",
  "message" : "No active profile set, falling back to 1 default profile: \"default\"",
  "logger_name" : "com.simplesdental.product.controller.ProductV2ControllerTest",
  "thread_name" : "main",
  "level" : "INFO",
  "level_value" : 20000,
  "caller_class_name" : "org.springframework.boot.SpringApplication",
  "caller_method_name" : "logStartupProfileInfo",
  "caller_file_name" : "SpringApplication.java",
  "caller_line_number" : 654
}
{
  "@timestamp" : "2025-04-12T11:15:22.819481-03:00",
  "@version" : "1",
  "message" : "Starting CategoryV2ControllerTest using Java 17.0.12 with PID 20768 (started by vvpro in C:\\Users\\vvpro\\OneDrive\\Documents\\desafio-entrevistas\\simples-dental\\desafio-backend)",
  "logger_name" : "com.simplesdental.product.controller.CategoryV2ControllerTest",
  "thread_name" : "main",
  "level" : "INFO",
  "level_value" : 20000,
  "caller_class_name" : "org.springframework.boot.StartupInfoLogger",
  "caller_method_name" : "logStarting",
  "caller_file_name" : "StartupInfoLogger.java",
  "caller_line_number" : 50
}
{
  "@timestamp" : "2025-04-12T11:15:22.8325869-03:00",
  "@version" : "1",
  "message" : "No active profile set, falling back to 1 default profile: \"default\"",
  "logger_name" : "com.simplesdental.product.controller.CategoryV2ControllerTest",
  "thread_name" : "main",
  "level" : "INFO",
  "level_value" : 20000,
  "caller_class_name" : "org.springframework.boot.SpringApplication",
  "caller_method_name" : "logStartupProfileInfo",
  "caller_file_name" : "SpringApplication.java",
  "caller_line_number" : 654
}
{
  "@timestamp" : "2025-04-12T11:15:25.0966786-03:00",
  "@version" : "1",
  "message" : "Started CategoryV2ControllerTest in 2.845 seconds (process running for 3.639)",
  "logger_name" : "com.simplesdental.product.controller.CategoryV2ControllerTest",
  "thread_name" : "main",
  "level" : "INFO",
  "level_value" : 20000,
  "caller_class_name" : "org.springframework.boot.StartupInfoLogger",
  "caller_method_name" : "logStarted",
  "caller_file_name" : "StartupInfoLogger.java",
  "caller_line_number" : 56
}
{
  "@timestamp" : "2025-04-12T11:16:27.4848216-03:00",
  "@version" : "1",
  "message" : "Starting CategoryV2ControllerTest using Java 17.0.12 with PID 25712 (started by vvpro in C:\\Users\\vvpro\\OneDrive\\Documents\\desafio-entrevistas\\simples-dental\\desafio-backend)",
  "logger_name" : "com.simplesdental.product.controller.CategoryV2ControllerTest",
  "thread_name" : "main",
  "level" : "INFO",
  "level_value" : 20000,
  "caller_class_name" : "org.springframework.boot.StartupInfoLogger",
  "caller_method_name" : "logStarting",
  "caller_file_name" : "StartupInfoLogger.java",
  "caller_line_number" : 50
}
{
  "@timestamp" : "2025-04-12T11:16:27.4971363-03:00",
  "@version" : "1",
  "message" : "No active profile set, falling back to 1 default profile: \"default\"",
  "logger_name" : "com.simplesdental.product.controller.CategoryV2ControllerTest",
  "thread_name" : "main",
  "level" : "INFO",
  "level_value" : 20000,
  "caller_class_name" : "org.springframework.boot.SpringApplication",
  "caller_method_name" : "logStartupProfileInfo",
  "caller_file_name" : "SpringApplication.java",
  "caller_line_number" : 654
}
{
  "@timestamp" : "2025-04-12T11:16:29.8307339-03:00",
  "@version" : "1",
  "message" : "Started CategoryV2ControllerTest in 3.09 seconds (process running for 4.326)",
  "logger_name" : "com.simplesdental.product.controller.CategoryV2ControllerTest",
  "thread_name" : "main",
  "level" : "INFO",
  "level_value" : 20000,
  "caller_class_name" : "org.springframework.boot.StartupInfoLogger",
  "caller_method_name" : "logStarted",
  "caller_file_name" : "StartupInfoLogger.java",
  "caller_line_number" : 56
}
{
  "@timestamp" : "2025-04-12T11:16:43.7615982-03:00",
  "@version" : "1",
  "message" : "Starting CategoryV2ControllerTest using Java 17.0.12 with PID 16248 (started by vvpro in C:\\Users\\vvpro\\OneDrive\\Documents\\desafio-entrevistas\\simples-dental\\desafio-backend)",
  "logger_name" : "com.simplesdental.product.controller.CategoryV2ControllerTest",
  "thread_name" : "main",
  "level" : "INFO",
  "level_value" : 20000,
  "caller_class_name" : "org.springframework.boot.StartupInfoLogger",
  "caller_method_name" : "logStarting",
  "caller_file_name" : "StartupInfoLogger.java",
  "caller_line_number" : 50
}
{
  "@timestamp" : "2025-04-12T11:16:43.7716232-03:00",
  "@version" : "1",
  "message" : "No active profile set, falling back to 1 default profile: \"default\"",
  "logger_name" : "com.simplesdental.product.controller.CategoryV2ControllerTest",
  "thread_name" : "main",
  "level" : "INFO",
  "level_value" : 20000,
  "caller_class_name" : "org.springframework.boot.SpringApplication",
  "caller_method_name" : "logStartupProfileInfo",
  "caller_file_name" : "SpringApplication.java",
  "caller_line_number" : 654
}
{
  "@timestamp" : "2025-04-12T11:16:46.1270567-03:00",
  "@version" : "1",
  "message" : "Started CategoryV2ControllerTest in 3.087 seconds (process running for 4.278)",
  "logger_name" : "com.simplesdental.product.controller.CategoryV2ControllerTest",
  "thread_name" : "main",
  "level" : "INFO",
  "level_value" : 20000,
  "caller_class_name" : "org.springframework.boot.StartupInfoLogger",
  "caller_method_name" : "logStarted",
  "caller_file_name" : "StartupInfoLogger.java",
  "caller_line_number" : 56
}
{
  "@timestamp" : "2025-04-12T11:19:55.1644046-03:00",
  "@version" : "1",
  "message" : "Starting CategoryV2ControllerTest using Java 17.0.12 with PID 1956 (started by vvpro in C:\\Users\\vvpro\\OneDrive\\Documents\\desafio-entrevistas\\simples-dental\\desafio-backend)",
  "logger_name" : "com.simplesdental.product.controller.CategoryV2ControllerTest",
  "thread_name" : "main",
  "level" : "INFO",
  "level_value" : 20000,
  "caller_class_name" : "org.springframework.boot.StartupInfoLogger",
  "caller_method_name" : "logStarting",
  "caller_file_name" : "StartupInfoLogger.java",
  "caller_line_number" : 50
}
{
  "@timestamp" : "2025-04-12T11:19:55.1806856-03:00",
  "@version" : "1",
  "message" : "No active profile set, falling back to 1 default profile: \"default\"",
  "logger_name" : "com.simplesdental.product.controller.CategoryV2ControllerTest",
  "thread_name" : "main",
  "level" : "INFO",
  "level_value" : 20000,
  "caller_class_name" : "org.springframework.boot.SpringApplication",
  "caller_method_name" : "logStartupProfileInfo",
  "caller_file_name" : "SpringApplication.java",
  "caller_line_number" : 654
}
{
  "@timestamp" : "2025-04-12T11:19:57.5545537-03:00",
  "@version" : "1",
  "message" : "Started CategoryV2ControllerTest in 2.942 seconds (process running for 3.76)",
  "logger_name" : "com.simplesdental.product.controller.CategoryV2ControllerTest",
  "thread_name" : "main",
  "level" : "INFO",
  "level_value" : 20000,
  "caller_class_name" : "org.springframework.boot.StartupInfoLogger",
  "caller_method_name" : "logStarted",
  "caller_file_name" : "StartupInfoLogger.java",
  "caller_line_number" : 56
}
{
  "@timestamp" : "2025-04-12T11:20:37.3182392-03:00",
  "@version" : "1",
  "message" : "Starting CategoryV2ControllerTest using Java 17.0.12 with PID 26004 (started by vvpro in C:\\Users\\vvpro\\OneDrive\\Documents\\desafio-entrevistas\\simples-dental\\desafio-backend)",
  "logger_name" : "com.simplesdental.product.controller.CategoryV2ControllerTest",
  "thread_name" : "main",
  "level" : "INFO",
  "level_value" : 20000,
  "caller_class_name" : "org.springframework.boot.StartupInfoLogger",
  "caller_method_name" : "logStarting",
  "caller_file_name" : "StartupInfoLogger.java",
  "caller_line_number" : 50
}
{
  "@timestamp" : "2025-04-12T11:20:37.331539-03:00",
  "@version" : "1",
  "message" : "No active profile set, falling back to 1 default profile: \"default\"",
  "logger_name" : "com.simplesdental.product.controller.CategoryV2ControllerTest",
  "thread_name" : "main",
  "level" : "INFO",
  "level_value" : 20000,
  "caller_class_name" : "org.springframework.boot.SpringApplication",
  "caller_method_name" : "logStartupProfileInfo",
  "caller_file_name" : "SpringApplication.java",
  "caller_line_number" : 654
}
{
  "@timestamp" : "2025-04-12T11:20:39.4970928-03:00",
  "@version" : "1",
  "message" : "Started CategoryV2ControllerTest in 2.75 seconds (process running for 3.542)",
  "logger_name" : "com.simplesdental.product.controller.CategoryV2ControllerTest",
  "thread_name" : "main",
  "level" : "INFO",
  "level_value" : 20000,
  "caller_class_name" : "org.springframework.boot.StartupInfoLogger",
  "caller_method_name" : "logStarted",
  "caller_file_name" : "StartupInfoLogger.java",
  "caller_line_number" : 56
}
{
  "@timestamp" : "2025-04-12T11:26:13.9530784-03:00",
  "@version" : "1",
  "message" : "Starting CategoryV2ControllerTest using Java 17.0.12 with PID 25528 (started by vvpro in C:\\Users\\vvpro\\OneDrive\\Documents\\desafio-entrevistas\\simples-dental\\desafio-backend)",
  "logger_name" : "com.simplesdental.product.controller.CategoryV2ControllerTest",
  "thread_name" : "main",
  "level" : "INFO",
  "level_value" : 20000,
  "caller_class_name" : "org.springframework.boot.StartupInfoLogger",
  "caller_method_name" : "logStarting",
  "caller_file_name" : "StartupInfoLogger.java",
  "caller_line_number" : 50
}
{
  "@timestamp" : "2025-04-12T11:26:13.9666731-03:00",
  "@version" : "1",
  "message" : "No active profile set, falling back to 1 default profile: \"default\"",
  "logger_name" : "com.simplesdental.product.controller.CategoryV2ControllerTest",
  "thread_name" : "main",
  "level" : "INFO",
  "level_value" : 20000,
  "caller_class_name" : "org.springframework.boot.SpringApplication",
  "caller_method_name" : "logStartupProfileInfo",
  "caller_file_name" : "SpringApplication.java",
  "caller_line_number" : 654
}
{
  "@timestamp" : "2025-04-12T11:26:16.2216962-03:00",
  "@version" : "1",
  "message" : "Started CategoryV2ControllerTest in 2.825 seconds (process running for 3.643)",
  "logger_name" : "com.simplesdental.product.controller.CategoryV2ControllerTest",
  "thread_name" : "main",
  "level" : "INFO",
  "level_value" : 20000,
  "caller_class_name" : "org.springframework.boot.StartupInfoLogger",
  "caller_method_name" : "logStarted",
  "caller_file_name" : "StartupInfoLogger.java",
  "caller_line_number" : 56
}
{
  "@timestamp" : "2025-04-12T11:27:10.4741466-03:00",
  "@version" : "1",
  "message" : "Starting CategoryV2ControllerTest using Java 17.0.12 with PID 24572 (started by vvpro in C:\\Users\\vvpro\\OneDrive\\Documents\\desafio-entrevistas\\simples-dental\\desafio-backend)",
  "logger_name" : "com.simplesdental.product.controller.CategoryV2ControllerTest",
  "thread_name" : "main",
  "level" : "INFO",
  "level_value" : 20000,
  "caller_class_name" : "org.springframework.boot.StartupInfoLogger",
  "caller_method_name" : "logStarting",
  "caller_file_name" : "StartupInfoLogger.java",
  "caller_line_number" : 50
}
{
  "@timestamp" : "2025-04-12T11:27:10.4836571-03:00",
  "@version" : "1",
  "message" : "No active profile set, falling back to 1 default profile: \"default\"",
  "logger_name" : "com.simplesdental.product.controller.CategoryV2ControllerTest",
  "thread_name" : "main",
  "level" : "INFO",
  "level_value" : 20000,
  "caller_class_name" : "org.springframework.boot.SpringApplication",
  "caller_method_name" : "logStartupProfileInfo",
  "caller_file_name" : "SpringApplication.java",
  "caller_line_number" : 654
}
{
  "@timestamp" : "2025-04-12T11:27:12.7158648-03:00",
  "@version" : "1",
  "message" : "Started CategoryV2ControllerTest in 2.795 seconds (process running for 3.626)",
  "logger_name" : "com.simplesdental.product.controller.CategoryV2ControllerTest",
  "thread_name" : "main",
  "level" : "INFO",
  "level_value" : 20000,
  "caller_class_name" : "org.springframework.boot.StartupInfoLogger",
  "caller_method_name" : "logStarted",
  "caller_file_name" : "StartupInfoLogger.java",
  "caller_line_number" : 56
}
{
  "@timestamp" : "2025-04-12T11:32:23.7911887-03:00",
  "@version" : "1",
  "message" : "Starting ProductV2ControllerTest using Java 17.0.12 with PID 23556 (started by vvpro in C:\\Users\\vvpro\\OneDrive\\Documents\\desafio-entrevistas\\simples-dental\\desafio-backend)",
  "logger_name" : "com.simplesdental.product.controller.product.ProductV2ControllerTest",
  "thread_name" : "main",
  "level" : "INFO",
  "level_value" : 20000,
  "caller_class_name" : "org.springframework.boot.StartupInfoLogger",
  "caller_method_name" : "logStarting",
  "caller_file_name" : "StartupInfoLogger.java",
  "caller_line_number" : 50
}
{
  "@timestamp" : "2025-04-12T11:32:23.8022111-03:00",
  "@version" : "1",
  "message" : "No active profile set, falling back to 1 default profile: \"default\"",
  "logger_name" : "com.simplesdental.product.controller.product.ProductV2ControllerTest",
  "thread_name" : "main",
  "level" : "INFO",
  "level_value" : 20000,
  "caller_class_name" : "org.springframework.boot.SpringApplication",
  "caller_method_name" : "logStartupProfileInfo",
  "caller_file_name" : "SpringApplication.java",
  "caller_line_number" : 654
}
{
  "@timestamp" : "2025-04-12T11:32:25.5442247-03:00",
  "@version" : "1",
  "message" : "Starting CategoryV2ControllerTest using Java 17.0.12 with PID 23556 (started by vvpro in C:\\Users\\vvpro\\OneDrive\\Documents\\desafio-entrevistas\\simples-dental\\desafio-backend)",
  "logger_name" : "com.simplesdental.product.controller.category.CategoryV2ControllerTest",
  "thread_name" : "main",
  "level" : "INFO",
  "level_value" : 20000,
  "caller_class_name" : "org.springframework.boot.StartupInfoLogger",
  "caller_method_name" : "logStarting",
  "caller_file_name" : "StartupInfoLogger.java",
  "caller_line_number" : 50
}
{
  "@timestamp" : "2025-04-12T11:32:25.5452237-03:00",
  "@version" : "1",
  "message" : "No active profile set, falling back to 1 default profile: \"default\"",
  "logger_name" : "com.simplesdental.product.controller.category.CategoryV2ControllerTest",
  "thread_name" : "main",
  "level" : "INFO",
  "level_value" : 20000,
  "caller_class_name" : "org.springframework.boot.SpringApplication",
  "caller_method_name" : "logStartupProfileInfo",
  "caller_file_name" : "SpringApplication.java",
  "caller_line_number" : 654
}
{
  "@timestamp" : "2025-04-12T11:32:26.3884376-03:00",
  "@version" : "1",
  "message" : "Started CategoryV2ControllerTest in 0.886 seconds (process running for 4.047)",
  "logger_name" : "com.simplesdental.product.controller.category.CategoryV2ControllerTest",
  "thread_name" : "main",
  "level" : "INFO",
  "level_value" : 20000,
  "caller_class_name" : "org.springframework.boot.StartupInfoLogger",
  "caller_method_name" : "logStarted",
  "caller_file_name" : "StartupInfoLogger.java",
  "caller_line_number" : 56
}
{
  "@timestamp" : "2025-04-12T11:32:26.7859784-03:00",
  "@version" : "1",
  "message" : "Starting UserControllerTest using Java 17.0.12 with PID 23556 (started by vvpro in C:\\Users\\vvpro\\OneDrive\\Documents\\desafio-entrevistas\\simples-dental\\desafio-backend)",
  "logger_name" : "com.simplesdental.product.controller.user.UserControllerTest",
  "thread_name" : "main",
  "level" : "INFO",
  "level_value" : 20000,
  "caller_class_name" : "org.springframework.boot.StartupInfoLogger",
  "caller_method_name" : "logStarting",
  "caller_file_name" : "StartupInfoLogger.java",
  "caller_line_number" : 50
}
{
  "@timestamp" : "2025-04-12T11:32:26.7869863-03:00",
  "@version" : "1",
  "message" : "No active profile set, falling back to 1 default profile: \"default\"",
  "logger_name" : "com.simplesdental.product.controller.user.UserControllerTest",
  "thread_name" : "main",
  "level" : "INFO",
  "level_value" : 20000,
  "caller_class_name" : "org.springframework.boot.SpringApplication",
  "caller_method_name" : "logStartupProfileInfo",
  "caller_file_name" : "SpringApplication.java",
  "caller_line_number" : 654
}
{
  "@timestamp" : "2025-04-12T11:32:54.720995-03:00",
  "@version" : "1",
  "message" : "Starting ProductV2ControllerTest using Java 17.0.12 with PID 25892 (started by vvpro in C:\\Users\\vvpro\\OneDrive\\Documents\\desafio-entrevistas\\simples-dental\\desafio-backend)",
  "logger_name" : "com.simplesdental.product.controller.product.ProductV2ControllerTest",
  "thread_name" : "main",
  "level" : "INFO",
  "level_value" : 20000,
  "caller_class_name" : "org.springframework.boot.StartupInfoLogger",
  "caller_method_name" : "logStarting",
  "caller_file_name" : "StartupInfoLogger.java",
  "caller_line_number" : 50
}
{
  "@timestamp" : "2025-04-12T11:32:54.7336597-03:00",
  "@version" : "1",
  "message" : "No active profile set, falling back to 1 default profile: \"default\"",
  "logger_name" : "com.simplesdental.product.controller.product.ProductV2ControllerTest",
  "thread_name" : "main",
  "level" : "INFO",
  "level_value" : 20000,
  "caller_class_name" : "org.springframework.boot.SpringApplication",
  "caller_method_name" : "logStartupProfileInfo",
  "caller_file_name" : "SpringApplication.java",
  "caller_line_number" : 654
}
{
  "@timestamp" : "2025-04-12T11:33:54.9787605-03:00",
  "@version" : "1",
  "message" : "Starting ProductV2ControllerTest using Java 17.0.12 with PID 25416 (started by vvpro in C:\\Users\\vvpro\\OneDrive\\Documents\\desafio-entrevistas\\simples-dental\\desafio-backend)",
  "logger_name" : "com.simplesdental.product.controller.product.ProductV2ControllerTest",
  "thread_name" : "main",
  "level" : "INFO",
  "level_value" : 20000,
  "caller_class_name" : "org.springframework.boot.StartupInfoLogger",
  "caller_method_name" : "logStarting",
  "caller_file_name" : "StartupInfoLogger.java",
  "caller_line_number" : 50
}
{
  "@timestamp" : "2025-04-12T11:33:54.993644-03:00",
  "@version" : "1",
  "message" : "No active profile set, falling back to 1 default profile: \"default\"",
  "logger_name" : "com.simplesdental.product.controller.product.ProductV2ControllerTest",
  "thread_name" : "main",
  "level" : "INFO",
  "level_value" : 20000,
  "caller_class_name" : "org.springframework.boot.SpringApplication",
  "caller_method_name" : "logStartupProfileInfo",
  "caller_file_name" : "SpringApplication.java",
  "caller_line_number" : 654
}
{
  "@timestamp" : "2025-04-12T11:33:57.3259849-03:00",
  "@version" : "1",
  "message" : "Starting CategoryV2ControllerTest using Java 17.0.12 with PID 25416 (started by vvpro in C:\\Users\\vvpro\\OneDrive\\Documents\\desafio-entrevistas\\simples-dental\\desafio-backend)",
  "logger_name" : "com.simplesdental.product.controller.category.CategoryV2ControllerTest",
  "thread_name" : "main",
  "level" : "INFO",
  "level_value" : 20000,
  "caller_class_name" : "org.springframework.boot.StartupInfoLogger",
  "caller_method_name" : "logStarting",
  "caller_file_name" : "StartupInfoLogger.java",
  "caller_line_number" : 50
}
{
  "@timestamp" : "2025-04-12T11:33:57.3259849-03:00",
  "@version" : "1",
  "message" : "No active profile set, falling back to 1 default profile: \"default\"",
  "logger_name" : "com.simplesdental.product.controller.category.CategoryV2ControllerTest",
  "thread_name" : "main",
  "level" : "INFO",
  "level_value" : 20000,
  "caller_class_name" : "org.springframework.boot.SpringApplication",
  "caller_method_name" : "logStartupProfileInfo",
  "caller_file_name" : "SpringApplication.java",
  "caller_line_number" : 654
}
{
  "@timestamp" : "2025-04-12T11:33:58.1527313-03:00",
  "@version" : "1",
  "message" : "Started CategoryV2ControllerTest in 0.875 seconds (process running for 4.863)",
  "logger_name" : "com.simplesdental.product.controller.category.CategoryV2ControllerTest",
  "thread_name" : "main",
  "level" : "INFO",
  "level_value" : 20000,
  "caller_class_name" : "org.springframework.boot.StartupInfoLogger",
  "caller_method_name" : "logStarted",
  "caller_file_name" : "StartupInfoLogger.java",
  "caller_line_number" : 56
}
{
  "@timestamp" : "2025-04-12T11:33:58.5770612-03:00",
  "@version" : "1",
  "message" : "Starting UserControllerTest using Java 17.0.12 with PID 25416 (started by vvpro in C:\\Users\\vvpro\\OneDrive\\Documents\\desafio-entrevistas\\simples-dental\\desafio-backend)",
  "logger_name" : "com.simplesdental.product.controller.user.UserControllerTest",
  "thread_name" : "main",
  "level" : "INFO",
  "level_value" : 20000,
  "caller_class_name" : "org.springframework.boot.StartupInfoLogger",
  "caller_method_name" : "logStarting",
  "caller_file_name" : "StartupInfoLogger.java",
  "caller_line_number" : 50
}
{
  "@timestamp" : "2025-04-12T11:33:58.5770612-03:00",
  "@version" : "1",
  "message" : "No active profile set, falling back to 1 default profile: \"default\"",
  "logger_name" : "com.simplesdental.product.controller.user.UserControllerTest",
  "thread_name" : "main",
  "level" : "INFO",
  "level_value" : 20000,
  "caller_class_name" : "org.springframework.boot.SpringApplication",
  "caller_method_name" : "logStartupProfileInfo",
  "caller_file_name" : "SpringApplication.java",
  "caller_line_number" : 654
}
{
  "@timestamp" : "2025-04-12T11:35:01.941102-03:00",
  "@version" : "1",
  "message" : "Starting ProductV2ControllerTest using Java 17.0.12 with PID 21804 (started by vvpro in C:\\Users\\vvpro\\OneDrive\\Documents\\desafio-entrevistas\\simples-dental\\desafio-backend)",
  "logger_name" : "com.simplesdental.product.controller.product.ProductV2ControllerTest",
  "thread_name" : "main",
  "level" : "INFO",
  "level_value" : 20000,
  "caller_class_name" : "org.springframework.boot.StartupInfoLogger",
  "caller_method_name" : "logStarting",
  "caller_file_name" : "StartupInfoLogger.java",
  "caller_line_number" : 50
}
{
  "@timestamp" : "2025-04-12T11:35:01.9545057-03:00",
  "@version" : "1",
  "message" : "No active profile set, falling back to 1 default profile: \"default\"",
  "logger_name" : "com.simplesdental.product.controller.product.ProductV2ControllerTest",
  "thread_name" : "main",
  "level" : "INFO",
  "level_value" : 20000,
  "caller_class_name" : "org.springframework.boot.SpringApplication",
  "caller_method_name" : "logStartupProfileInfo",
  "caller_file_name" : "SpringApplication.java",
  "caller_line_number" : 654
}
{
  "@timestamp" : "2025-04-12T11:35:05.0467597-03:00",
  "@version" : "1",
  "message" : "Started ProductV2ControllerTest in 3.827 seconds (process running for 4.848)",
  "logger_name" : "com.simplesdental.product.controller.product.ProductV2ControllerTest",
  "thread_name" : "main",
  "level" : "INFO",
  "level_value" : 20000,
  "caller_class_name" : "org.springframework.boot.StartupInfoLogger",
  "caller_method_name" : "logStarted",
  "caller_file_name" : "StartupInfoLogger.java",
  "caller_line_number" : 56
}
{
  "@timestamp" : "2025-04-12T11:35:38.9371406-03:00",
  "@version" : "1",
  "message" : "Starting ProductV2ControllerTest using Java 17.0.12 with PID 23320 (started by vvpro in C:\\Users\\vvpro\\OneDrive\\Documents\\desafio-entrevistas\\simples-dental\\desafio-backend)",
  "logger_name" : "com.simplesdental.product.controller.product.ProductV2ControllerTest",
  "thread_name" : "main",
  "level" : "INFO",
  "level_value" : 20000,
  "caller_class_name" : "org.springframework.boot.StartupInfoLogger",
  "caller_method_name" : "logStarting",
  "caller_file_name" : "StartupInfoLogger.java",
  "caller_line_number" : 50
}
{
  "@timestamp" : "2025-04-12T11:35:38.9527323-03:00",
  "@version" : "1",
  "message" : "No active profile set, falling back to 1 default profile: \"default\"",
  "logger_name" : "com.simplesdental.product.controller.product.ProductV2ControllerTest",
  "thread_name" : "main",
  "level" : "INFO",
  "level_value" : 20000,
  "caller_class_name" : "org.springframework.boot.SpringApplication",
  "caller_method_name" : "logStartupProfileInfo",
  "caller_file_name" : "SpringApplication.java",
  "caller_line_number" : 654
}
{
  "@timestamp" : "2025-04-12T11:35:46.4071697-03:00",
  "@version" : "1",
  "message" : "Starting ProductV2ControllerTest using Java 17.0.12 with PID 25352 (started by vvpro in C:\\Users\\vvpro\\OneDrive\\Documents\\desafio-entrevistas\\simples-dental\\desafio-backend)",
  "logger_name" : "com.simplesdental.product.controller.product.ProductV2ControllerTest",
  "thread_name" : "main",
  "level" : "INFO",
  "level_value" : 20000,
  "caller_class_name" : "org.springframework.boot.StartupInfoLogger",
  "caller_method_name" : "logStarting",
  "caller_file_name" : "StartupInfoLogger.java",
  "caller_line_number" : 50
}
{
  "@timestamp" : "2025-04-12T11:35:46.4193915-03:00",
  "@version" : "1",
  "message" : "No active profile set, falling back to 1 default profile: \"default\"",
  "logger_name" : "com.simplesdental.product.controller.product.ProductV2ControllerTest",
  "thread_name" : "main",
  "level" : "INFO",
  "level_value" : 20000,
  "caller_class_name" : "org.springframework.boot.SpringApplication",
  "caller_method_name" : "logStartupProfileInfo",
  "caller_file_name" : "SpringApplication.java",
  "caller_line_number" : 654
}
{
  "@timestamp" : "2025-04-12T11:36:00.4177575-03:00",
  "@version" : "1",
  "message" : "Starting ProductV2ControllerTest using Java 17.0.12 with PID 10300 (started by vvpro in C:\\Users\\vvpro\\OneDrive\\Documents\\desafio-entrevistas\\simples-dental\\desafio-backend)",
  "logger_name" : "com.simplesdental.product.controller.product.ProductV2ControllerTest",
  "thread_name" : "main",
  "level" : "INFO",
  "level_value" : 20000,
  "caller_class_name" : "org.springframework.boot.StartupInfoLogger",
  "caller_method_name" : "logStarting",
  "caller_file_name" : "StartupInfoLogger.java",
  "caller_line_number" : 50
}
{
  "@timestamp" : "2025-04-12T11:36:00.4366563-03:00",
  "@version" : "1",
  "message" : "No active profile set, falling back to 1 default profile: \"default\"",
  "logger_name" : "com.simplesdental.product.controller.product.ProductV2ControllerTest",
  "thread_name" : "main",
  "level" : "INFO",
  "level_value" : 20000,
  "caller_class_name" : "org.springframework.boot.SpringApplication",
  "caller_method_name" : "logStartupProfileInfo",
  "caller_file_name" : "SpringApplication.java",
  "caller_line_number" : 654
}
{
  "@timestamp" : "2025-04-12T11:36:18.3391291-03:00",
  "@version" : "1",
  "message" : "Starting ProductV2ControllerTest using Java 17.0.12 with PID 808 (started by vvpro in C:\\Users\\vvpro\\OneDrive\\Documents\\desafio-entrevistas\\simples-dental\\desafio-backend)",
  "logger_name" : "com.simplesdental.product.controller.product.ProductV2ControllerTest",
  "thread_name" : "main",
  "level" : "INFO",
  "level_value" : 20000,
  "caller_class_name" : "org.springframework.boot.StartupInfoLogger",
  "caller_method_name" : "logStarting",
  "caller_file_name" : "StartupInfoLogger.java",
  "caller_line_number" : 50
}
{
  "@timestamp" : "2025-04-12T11:36:18.3488134-03:00",
  "@version" : "1",
  "message" : "No active profile set, falling back to 1 default profile: \"default\"",
  "logger_name" : "com.simplesdental.product.controller.product.ProductV2ControllerTest",
  "thread_name" : "main",
  "level" : "INFO",
  "level_value" : 20000,
  "caller_class_name" : "org.springframework.boot.SpringApplication",
  "caller_method_name" : "logStartupProfileInfo",
  "caller_file_name" : "SpringApplication.java",
  "caller_line_number" : 654
}
{
  "@timestamp" : "2025-04-12T11:36:20.2006826-03:00",
  "@version" : "1",
  "message" : "Starting CategoryV2ControllerTest using Java 17.0.12 with PID 808 (started by vvpro in C:\\Users\\vvpro\\OneDrive\\Documents\\desafio-entrevistas\\simples-dental\\desafio-backend)",
  "logger_name" : "com.simplesdental.product.controller.category.CategoryV2ControllerTest",
  "thread_name" : "main",
  "level" : "INFO",
  "level_value" : 20000,
  "caller_class_name" : "org.springframework.boot.StartupInfoLogger",
  "caller_method_name" : "logStarting",
  "caller_file_name" : "StartupInfoLogger.java",
  "caller_line_number" : 50
}
{
  "@timestamp" : "2025-04-12T11:36:20.2006826-03:00",
  "@version" : "1",
  "message" : "No active profile set, falling back to 1 default profile: \"default\"",
  "logger_name" : "com.simplesdental.product.controller.category.CategoryV2ControllerTest",
  "thread_name" : "main",
  "level" : "INFO",
  "level_value" : 20000,
  "caller_class_name" : "org.springframework.boot.SpringApplication",
  "caller_method_name" : "logStartupProfileInfo",
  "caller_file_name" : "SpringApplication.java",
  "caller_line_number" : 654
}
{
  "@timestamp" : "2025-04-12T11:36:21.0448486-03:00",
  "@version" : "1",
  "message" : "Started CategoryV2ControllerTest in 0.895 seconds (process running for 4.197)",
  "logger_name" : "com.simplesdental.product.controller.category.CategoryV2ControllerTest",
  "thread_name" : "main",
  "level" : "INFO",
  "level_value" : 20000,
  "caller_class_name" : "org.springframework.boot.StartupInfoLogger",
  "caller_method_name" : "logStarted",
  "caller_file_name" : "StartupInfoLogger.java",
  "caller_line_number" : 56
}
{
  "@timestamp" : "2025-04-12T11:36:21.4683107-03:00",
  "@version" : "1",
  "message" : "Starting UserControllerTest using Java 17.0.12 with PID 808 (started by vvpro in C:\\Users\\vvpro\\OneDrive\\Documents\\desafio-entrevistas\\simples-dental\\desafio-backend)",
  "logger_name" : "com.simplesdental.product.controller.user.UserControllerTest",
  "thread_name" : "main",
  "level" : "INFO",
  "level_value" : 20000,
  "caller_class_name" : "org.springframework.boot.StartupInfoLogger",
  "caller_method_name" : "logStarting",
  "caller_file_name" : "StartupInfoLogger.java",
  "caller_line_number" : 50
}
{
  "@timestamp" : "2025-04-12T11:36:21.4693183-03:00",
  "@version" : "1",
  "message" : "No active profile set, falling back to 1 default profile: \"default\"",
  "logger_name" : "com.simplesdental.product.controller.user.UserControllerTest",
  "thread_name" : "main",
  "level" : "INFO",
  "level_value" : 20000,
  "caller_class_name" : "org.springframework.boot.SpringApplication",
  "caller_method_name" : "logStartupProfileInfo",
  "caller_file_name" : "SpringApplication.java",
  "caller_line_number" : 654
}
{
  "@timestamp" : "2025-04-12T11:37:12.9661101-03:00",
  "@version" : "1",
  "message" : "Starting ProductV2ControllerTest using Java 17.0.12 with PID 25052 (started by vvpro in C:\\Users\\vvpro\\OneDrive\\Documents\\desafio-entrevistas\\simples-dental\\desafio-backend)",
  "logger_name" : "com.simplesdental.product.controller.product.ProductV2ControllerTest",
  "thread_name" : "main",
  "level" : "INFO",
  "level_value" : 20000,
  "caller_class_name" : "org.springframework.boot.StartupInfoLogger",
  "caller_method_name" : "logStarting",
  "caller_file_name" : "StartupInfoLogger.java",
  "caller_line_number" : 50
}
{
  "@timestamp" : "2025-04-12T11:37:12.9781148-03:00",
  "@version" : "1",
  "message" : "No active profile set, falling back to 1 default profile: \"default\"",
  "logger_name" : "com.simplesdental.product.controller.product.ProductV2ControllerTest",
  "thread_name" : "main",
  "level" : "INFO",
  "level_value" : 20000,
  "caller_class_name" : "org.springframework.boot.SpringApplication",
  "caller_method_name" : "logStartupProfileInfo",
  "caller_file_name" : "SpringApplication.java",
  "caller_line_number" : 654
}
{
  "@timestamp" : "2025-04-12T11:37:31.4885765-03:00",
  "@version" : "1",
  "message" : "Starting ProductV2ControllerTest using Java 17.0.12 with PID 26564 (started by vvpro in C:\\Users\\vvpro\\OneDrive\\Documents\\desafio-entrevistas\\simples-dental\\desafio-backend)",
  "logger_name" : "com.simplesdental.product.controller.product.ProductV2ControllerTest",
  "thread_name" : "main",
  "level" : "INFO",
  "level_value" : 20000,
  "caller_class_name" : "org.springframework.boot.StartupInfoLogger",
  "caller_method_name" : "logStarting",
  "caller_file_name" : "StartupInfoLogger.java",
  "caller_line_number" : 50
}
{
  "@timestamp" : "2025-04-12T11:37:31.5051698-03:00",
  "@version" : "1",
  "message" : "No active profile set, falling back to 1 default profile: \"default\"",
  "logger_name" : "com.simplesdental.product.controller.product.ProductV2ControllerTest",
  "thread_name" : "main",
  "level" : "INFO",
  "level_value" : 20000,
  "caller_class_name" : "org.springframework.boot.SpringApplication",
  "caller_method_name" : "logStartupProfileInfo",
  "caller_file_name" : "SpringApplication.java",
  "caller_line_number" : 654
}
{
  "@timestamp" : "2025-04-12T11:39:57.1828949-03:00",
  "@version" : "1",
  "message" : "Starting ProductV2ControllerTest using Java 17.0.12 with PID 20932 (started by vvpro in C:\\Users\\vvpro\\OneDrive\\Documents\\desafio-entrevistas\\simples-dental\\desafio-backend)",
  "logger_name" : "com.simplesdental.product.controller.product.ProductV2ControllerTest",
  "thread_name" : "main",
  "level" : "INFO",
  "level_value" : 20000,
  "caller_class_name" : "org.springframework.boot.StartupInfoLogger",
  "caller_method_name" : "logStarting",
  "caller_file_name" : "StartupInfoLogger.java",
  "caller_line_number" : 50
}
{
  "@timestamp" : "2025-04-12T11:39:57.1959287-03:00",
  "@version" : "1",
  "message" : "No active profile set, falling back to 1 default profile: \"default\"",
  "logger_name" : "com.simplesdental.product.controller.product.ProductV2ControllerTest",
  "thread_name" : "main",
  "level" : "INFO",
  "level_value" : 20000,
  "caller_class_name" : "org.springframework.boot.SpringApplication",
  "caller_method_name" : "logStartupProfileInfo",
  "caller_file_name" : "SpringApplication.java",
  "caller_line_number" : 654
}
{
  "@timestamp" : "2025-04-12T11:39:59.3721561-03:00",
  "@version" : "1",
  "message" : "Started ProductV2ControllerTest in 2.758 seconds (process running for 3.584)",
  "logger_name" : "com.simplesdental.product.controller.product.ProductV2ControllerTest",
  "thread_name" : "main",
  "level" : "INFO",
  "level_value" : 20000,
  "caller_class_name" : "org.springframework.boot.StartupInfoLogger",
  "caller_method_name" : "logStarted",
  "caller_file_name" : "StartupInfoLogger.java",
  "caller_line_number" : 56
}
{
  "@timestamp" : "2025-04-12T11:40:03.6227038-03:00",
  "@version" : "1",
  "message" : "Starting ProductV2ControllerTest using Java 17.0.12 with PID 24728 (started by vvpro in C:\\Users\\vvpro\\OneDrive\\Documents\\desafio-entrevistas\\simples-dental\\desafio-backend)",
  "logger_name" : "com.simplesdental.product.controller.product.ProductV2ControllerTest",
  "thread_name" : "main",
  "level" : "INFO",
  "level_value" : 20000,
  "caller_class_name" : "org.springframework.boot.StartupInfoLogger",
  "caller_method_name" : "logStarting",
  "caller_file_name" : "StartupInfoLogger.java",
  "caller_line_number" : 50
}
{
  "@timestamp" : "2025-04-12T11:40:03.6352603-03:00",
  "@version" : "1",
  "message" : "No active profile set, falling back to 1 default profile: \"default\"",
  "logger_name" : "com.simplesdental.product.controller.product.ProductV2ControllerTest",
  "thread_name" : "main",
  "level" : "INFO",
  "level_value" : 20000,
  "caller_class_name" : "org.springframework.boot.SpringApplication",
  "caller_method_name" : "logStartupProfileInfo",
  "caller_file_name" : "SpringApplication.java",
  "caller_line_number" : 654
}
{
  "@timestamp" : "2025-04-12T11:40:05.7993134-03:00",
  "@version" : "1",
  "message" : "Started ProductV2ControllerTest in 2.731 seconds (process running for 3.512)",
  "logger_name" : "com.simplesdental.product.controller.product.ProductV2ControllerTest",
  "thread_name" : "main",
  "level" : "INFO",
  "level_value" : 20000,
  "caller_class_name" : "org.springframework.boot.StartupInfoLogger",
  "caller_method_name" : "logStarted",
  "caller_file_name" : "StartupInfoLogger.java",
  "caller_line_number" : 56
}
{
  "@timestamp" : "2025-04-12T11:40:18.93734-03:00",
  "@version" : "1",
  "message" : "Starting ProductV2ControllerTest using Java 17.0.12 with PID 26388 (started by vvpro in C:\\Users\\vvpro\\OneDrive\\Documents\\desafio-entrevistas\\simples-dental\\desafio-backend)",
  "logger_name" : "com.simplesdental.product.controller.product.ProductV2ControllerTest",
  "thread_name" : "main",
  "level" : "INFO",
  "level_value" : 20000,
  "caller_class_name" : "org.springframework.boot.StartupInfoLogger",
  "caller_method_name" : "logStarting",
  "caller_file_name" : "StartupInfoLogger.java",
  "caller_line_number" : 50
}
{
  "@timestamp" : "2025-04-12T11:40:18.9493801-03:00",
  "@version" : "1",
  "message" : "No active profile set, falling back to 1 default profile: \"default\"",
  "logger_name" : "com.simplesdental.product.controller.product.ProductV2ControllerTest",
  "thread_name" : "main",
  "level" : "INFO",
  "level_value" : 20000,
  "caller_class_name" : "org.springframework.boot.SpringApplication",
  "caller_method_name" : "logStartupProfileInfo",
  "caller_file_name" : "SpringApplication.java",
  "caller_line_number" : 654
}
{
  "@timestamp" : "2025-04-12T11:40:21.1414466-03:00",
  "@version" : "1",
  "message" : "Started ProductV2ControllerTest in 2.748 seconds (process running for 3.508)",
  "logger_name" : "com.simplesdental.product.controller.product.ProductV2ControllerTest",
  "thread_name" : "main",
  "level" : "INFO",
  "level_value" : 20000,
  "caller_class_name" : "org.springframework.boot.StartupInfoLogger",
  "caller_method_name" : "logStarted",
  "caller_file_name" : "StartupInfoLogger.java",
  "caller_line_number" : 56
}
{
  "@timestamp" : "2025-04-12T11:40:55.4106818-03:00",
  "@version" : "1",
  "message" : "Starting ProductV2ControllerTest using Java 17.0.12 with PID 3840 (started by vvpro in C:\\Users\\vvpro\\OneDrive\\Documents\\desafio-entrevistas\\simples-dental\\desafio-backend)",
  "logger_name" : "com.simplesdental.product.controller.product.ProductV2ControllerTest",
  "thread_name" : "main",
  "level" : "INFO",
  "level_value" : 20000,
  "caller_class_name" : "org.springframework.boot.StartupInfoLogger",
  "caller_method_name" : "logStarting",
  "caller_file_name" : "StartupInfoLogger.java",
  "caller_line_number" : 50
}
{
  "@timestamp" : "2025-04-12T11:40:55.4242076-03:00",
  "@version" : "1",
  "message" : "No active profile set, falling back to 1 default profile: \"default\"",
  "logger_name" : "com.simplesdental.product.controller.product.ProductV2ControllerTest",
  "thread_name" : "main",
  "level" : "INFO",
  "level_value" : 20000,
  "caller_class_name" : "org.springframework.boot.SpringApplication",
  "caller_method_name" : "logStartupProfileInfo",
  "caller_file_name" : "SpringApplication.java",
  "caller_line_number" : 654
}
{
  "@timestamp" : "2025-04-12T11:40:57.8858447-03:00",
  "@version" : "1",
  "message" : "Started ProductV2ControllerTest in 3.024 seconds (process running for 3.821)",
  "logger_name" : "com.simplesdental.product.controller.product.ProductV2ControllerTest",
  "thread_name" : "main",
  "level" : "INFO",
  "level_value" : 20000,
  "caller_class_name" : "org.springframework.boot.StartupInfoLogger",
  "caller_method_name" : "logStarted",
  "caller_file_name" : "StartupInfoLogger.java",
  "caller_line_number" : 56
}
{
  "@timestamp" : "2025-04-12T11:41:25.142512-03:00",
  "@version" : "1",
  "message" : "Starting ProductV2ControllerTest using Java 17.0.12 with PID 25576 (started by vvpro in C:\\Users\\vvpro\\OneDrive\\Documents\\desafio-entrevistas\\simples-dental\\desafio-backend)",
  "logger_name" : "com.simplesdental.product.controller.product.ProductV2ControllerTest",
  "thread_name" : "main",
  "level" : "INFO",
  "level_value" : 20000,
  "caller_class_name" : "org.springframework.boot.StartupInfoLogger",
  "caller_method_name" : "logStarting",
  "caller_file_name" : "StartupInfoLogger.java",
  "caller_line_number" : 50
}
{
  "@timestamp" : "2025-04-12T11:41:25.1547587-03:00",
  "@version" : "1",
  "message" : "No active profile set, falling back to 1 default profile: \"default\"",
  "logger_name" : "com.simplesdental.product.controller.product.ProductV2ControllerTest",
  "thread_name" : "main",
  "level" : "INFO",
  "level_value" : 20000,
  "caller_class_name" : "org.springframework.boot.SpringApplication",
  "caller_method_name" : "logStartupProfileInfo",
  "caller_file_name" : "SpringApplication.java",
  "caller_line_number" : 654
}
{
  "@timestamp" : "2025-04-12T11:41:27.3861512-03:00",
  "@version" : "1",
  "message" : "Started ProductV2ControllerTest in 2.772 seconds (process running for 3.576)",
  "logger_name" : "com.simplesdental.product.controller.product.ProductV2ControllerTest",
  "thread_name" : "main",
  "level" : "INFO",
  "level_value" : 20000,
  "caller_class_name" : "org.springframework.boot.StartupInfoLogger",
  "caller_method_name" : "logStarted",
  "caller_file_name" : "StartupInfoLogger.java",
  "caller_line_number" : 56
}
{
  "@timestamp" : "2025-04-12T11:42:43.8372426-03:00",
  "@version" : "1",
  "message" : "Starting ProductV2ControllerTest using Java 17.0.12 with PID 22896 (started by vvpro in C:\\Users\\vvpro\\OneDrive\\Documents\\desafio-entrevistas\\simples-dental\\desafio-backend)",
  "logger_name" : "com.simplesdental.product.controller.product.ProductV2ControllerTest",
  "thread_name" : "main",
  "level" : "INFO",
  "level_value" : 20000,
  "caller_class_name" : "org.springframework.boot.StartupInfoLogger",
  "caller_method_name" : "logStarting",
  "caller_file_name" : "StartupInfoLogger.java",
  "caller_line_number" : 50
}
{
  "@timestamp" : "2025-04-12T11:42:43.8497578-03:00",
  "@version" : "1",
  "message" : "No active profile set, falling back to 1 default profile: \"default\"",
  "logger_name" : "com.simplesdental.product.controller.product.ProductV2ControllerTest",
  "thread_name" : "main",
  "level" : "INFO",
  "level_value" : 20000,
  "caller_class_name" : "org.springframework.boot.SpringApplication",
  "caller_method_name" : "logStartupProfileInfo",
  "caller_file_name" : "SpringApplication.java",
  "caller_line_number" : 654
}
{
  "@timestamp" : "2025-04-12T11:42:46.0302164-03:00",
  "@version" : "1",
  "message" : "Started ProductV2ControllerTest in 2.734 seconds (process running for 3.531)",
  "logger_name" : "com.simplesdental.product.controller.product.ProductV2ControllerTest",
  "thread_name" : "main",
  "level" : "INFO",
  "level_value" : 20000,
  "caller_class_name" : "org.springframework.boot.StartupInfoLogger",
  "caller_method_name" : "logStarted",
  "caller_file_name" : "StartupInfoLogger.java",
  "caller_line_number" : 56
}
{
  "@timestamp" : "2025-04-12T11:43:08.1941742-03:00",
  "@version" : "1",
  "message" : "Starting ProductV2ControllerTest using Java 17.0.12 with PID 8260 (started by vvpro in C:\\Users\\vvpro\\OneDrive\\Documents\\desafio-entrevistas\\simples-dental\\desafio-backend)",
  "logger_name" : "com.simplesdental.product.controller.product.ProductV2ControllerTest",
  "thread_name" : "main",
  "level" : "INFO",
  "level_value" : 20000,
  "caller_class_name" : "org.springframework.boot.StartupInfoLogger",
  "caller_method_name" : "logStarting",
  "caller_file_name" : "StartupInfoLogger.java",
  "caller_line_number" : 50
}
{
  "@timestamp" : "2025-04-12T11:43:08.2060768-03:00",
  "@version" : "1",
  "message" : "No active profile set, falling back to 1 default profile: \"default\"",
  "logger_name" : "com.simplesdental.product.controller.product.ProductV2ControllerTest",
  "thread_name" : "main",
  "level" : "INFO",
  "level_value" : 20000,
  "caller_class_name" : "org.springframework.boot.SpringApplication",
  "caller_method_name" : "logStartupProfileInfo",
  "caller_file_name" : "SpringApplication.java",
  "caller_line_number" : 654
}
{
  "@timestamp" : "2025-04-12T11:43:10.3103889-03:00",
  "@version" : "1",
  "message" : "Started ProductV2ControllerTest in 2.637 seconds (process running for 3.395)",
  "logger_name" : "com.simplesdental.product.controller.product.ProductV2ControllerTest",
  "thread_name" : "main",
  "level" : "INFO",
  "level_value" : 20000,
  "caller_class_name" : "org.springframework.boot.StartupInfoLogger",
  "caller_method_name" : "logStarted",
  "caller_file_name" : "StartupInfoLogger.java",
  "caller_line_number" : 56
}
{
  "@timestamp" : "2025-04-12T11:46:08.4897302-03:00",
  "@version" : "1",
  "message" : "Starting ProductV2ControllerTest using Java 17.0.12 with PID 2896 (started by vvpro in C:\\Users\\vvpro\\OneDrive\\Documents\\desafio-entrevistas\\simples-dental\\desafio-backend)",
  "logger_name" : "com.simplesdental.product.controller.product.ProductV2ControllerTest",
  "thread_name" : "main",
  "level" : "INFO",
  "level_value" : 20000,
  "caller_class_name" : "org.springframework.boot.StartupInfoLogger",
  "caller_method_name" : "logStarting",
  "caller_file_name" : "StartupInfoLogger.java",
  "caller_line_number" : 50
}
{
  "@timestamp" : "2025-04-12T11:46:08.5038398-03:00",
  "@version" : "1",
  "message" : "No active profile set, falling back to 1 default profile: \"default\"",
  "logger_name" : "com.simplesdental.product.controller.product.ProductV2ControllerTest",
  "thread_name" : "main",
  "level" : "INFO",
  "level_value" : 20000,
  "caller_class_name" : "org.springframework.boot.SpringApplication",
  "caller_method_name" : "logStartupProfileInfo",
  "caller_file_name" : "SpringApplication.java",
  "caller_line_number" : 654
}
{
  "@timestamp" : "2025-04-12T11:46:10.6486655-03:00",
  "@version" : "1",
  "message" : "Started ProductV2ControllerTest in 2.688 seconds (process running for 3.469)",
  "logger_name" : "com.simplesdental.product.controller.product.ProductV2ControllerTest",
  "thread_name" : "main",
  "level" : "INFO",
  "level_value" : 20000,
  "caller_class_name" : "org.springframework.boot.StartupInfoLogger",
  "caller_method_name" : "logStarted",
  "caller_file_name" : "StartupInfoLogger.java",
  "caller_line_number" : 56
}
{
  "@timestamp" : "2025-04-12T11:47:35.752995-03:00",
  "@version" : "1",
  "message" : "Starting ProductV2ControllerTest using Java 17.0.12 with PID 4316 (started by vvpro in C:\\Users\\vvpro\\OneDrive\\Documents\\desafio-entrevistas\\simples-dental\\desafio-backend)",
  "logger_name" : "com.simplesdental.product.controller.product.ProductV2ControllerTest",
  "thread_name" : "main",
  "level" : "INFO",
  "level_value" : 20000,
  "caller_class_name" : "org.springframework.boot.StartupInfoLogger",
  "caller_method_name" : "logStarting",
  "caller_file_name" : "StartupInfoLogger.java",
  "caller_line_number" : 50
}
{
  "@timestamp" : "2025-04-12T11:47:35.7659244-03:00",
  "@version" : "1",
  "message" : "No active profile set, falling back to 1 default profile: \"default\"",
  "logger_name" : "com.simplesdental.product.controller.product.ProductV2ControllerTest",
  "thread_name" : "main",
  "level" : "INFO",
  "level_value" : 20000,
  "caller_class_name" : "org.springframework.boot.SpringApplication",
  "caller_method_name" : "logStartupProfileInfo",
  "caller_file_name" : "SpringApplication.java",
  "caller_line_number" : 654
}
{
  "@timestamp" : "2025-04-12T11:47:38.0556225-03:00",
  "@version" : "1",
  "message" : "Started ProductV2ControllerTest in 2.899 seconds (process running for 3.82)",
  "logger_name" : "com.simplesdental.product.controller.product.ProductV2ControllerTest",
  "thread_name" : "main",
  "level" : "INFO",
  "level_value" : 20000,
  "caller_class_name" : "org.springframework.boot.StartupInfoLogger",
  "caller_method_name" : "logStarted",
  "caller_file_name" : "StartupInfoLogger.java",
  "caller_line_number" : 56
}
{
  "@timestamp" : "2025-04-12T11:48:00.9961529-03:00",
  "@version" : "1",
  "message" : "Starting ProductV2ControllerTest using Java 17.0.12 with PID 24168 (started by vvpro in C:\\Users\\vvpro\\OneDrive\\Documents\\desafio-entrevistas\\simples-dental\\desafio-backend)",
  "logger_name" : "com.simplesdental.product.controller.product.ProductV2ControllerTest",
  "thread_name" : "main",
  "level" : "INFO",
  "level_value" : 20000,
  "caller_class_name" : "org.springframework.boot.StartupInfoLogger",
  "caller_method_name" : "logStarting",
  "caller_file_name" : "StartupInfoLogger.java",
  "caller_line_number" : 50
}
{
  "@timestamp" : "2025-04-12T11:48:01.0075712-03:00",
  "@version" : "1",
  "message" : "No active profile set, falling back to 1 default profile: \"default\"",
  "logger_name" : "com.simplesdental.product.controller.product.ProductV2ControllerTest",
  "thread_name" : "main",
  "level" : "INFO",
  "level_value" : 20000,
  "caller_class_name" : "org.springframework.boot.SpringApplication",
  "caller_method_name" : "logStartupProfileInfo",
  "caller_file_name" : "SpringApplication.java",
  "caller_line_number" : 654
}
{
  "@timestamp" : "2025-04-12T11:48:03.2361577-03:00",
  "@version" : "1",
  "message" : "Started ProductV2ControllerTest in 2.768 seconds (process running for 3.526)",
  "logger_name" : "com.simplesdental.product.controller.product.ProductV2ControllerTest",
  "thread_name" : "main",
  "level" : "INFO",
  "level_value" : 20000,
  "caller_class_name" : "org.springframework.boot.StartupInfoLogger",
  "caller_method_name" : "logStarted",
  "caller_file_name" : "StartupInfoLogger.java",
  "caller_line_number" : 56
}
{
  "@timestamp" : "2025-04-12T11:50:01.4177802-03:00",
  "@version" : "1",
  "message" : "Starting ProductV2ControllerTest using Java 17.0.12 with PID 8124 (started by vvpro in C:\\Users\\vvpro\\OneDrive\\Documents\\desafio-entrevistas\\simples-dental\\desafio-backend)",
  "logger_name" : "com.simplesdental.product.controller.product.ProductV2ControllerTest",
  "thread_name" : "main",
  "level" : "INFO",
  "level_value" : 20000,
  "caller_class_name" : "org.springframework.boot.StartupInfoLogger",
  "caller_method_name" : "logStarting",
  "caller_file_name" : "StartupInfoLogger.java",
  "caller_line_number" : 50
}
{
  "@timestamp" : "2025-04-12T11:50:01.4319526-03:00",
  "@version" : "1",
  "message" : "No active profile set, falling back to 1 default profile: \"default\"",
  "logger_name" : "com.simplesdental.product.controller.product.ProductV2ControllerTest",
  "thread_name" : "main",
  "level" : "INFO",
  "level_value" : 20000,
  "caller_class_name" : "org.springframework.boot.SpringApplication",
  "caller_method_name" : "logStartupProfileInfo",
  "caller_file_name" : "SpringApplication.java",
  "caller_line_number" : 654
}
{
  "@timestamp" : "2025-04-12T11:50:03.7124611-03:00",
  "@version" : "1",
  "message" : "Started ProductV2ControllerTest in 2.87 seconds (process running for 3.734)",
  "logger_name" : "com.simplesdental.product.controller.product.ProductV2ControllerTest",
  "thread_name" : "main",
  "level" : "INFO",
  "level_value" : 20000,
  "caller_class_name" : "org.springframework.boot.StartupInfoLogger",
  "caller_method_name" : "logStarted",
  "caller_file_name" : "StartupInfoLogger.java",
  "caller_line_number" : 56
}
{
  "@timestamp" : "2025-04-12T11:50:04.1215469-03:00",
  "@version" : "1",
  "message" : "Starting CategoryV2ControllerTest using Java 17.0.12 with PID 8124 (started by vvpro in C:\\Users\\vvpro\\OneDrive\\Documents\\desafio-entrevistas\\simples-dental\\desafio-backend)",
  "logger_name" : "com.simplesdental.product.controller.category.CategoryV2ControllerTest",
  "thread_name" : "main",
  "level" : "INFO",
  "level_value" : 20000,
  "caller_class_name" : "org.springframework.boot.StartupInfoLogger",
  "caller_method_name" : "logStarting",
  "caller_file_name" : "StartupInfoLogger.java",
  "caller_line_number" : 50
}
{
  "@timestamp" : "2025-04-12T11:50:04.1225526-03:00",
  "@version" : "1",
  "message" : "No active profile set, falling back to 1 default profile: \"default\"",
  "logger_name" : "com.simplesdental.product.controller.category.CategoryV2ControllerTest",
  "thread_name" : "main",
  "level" : "INFO",
  "level_value" : 20000,
  "caller_class_name" : "org.springframework.boot.SpringApplication",
  "caller_method_name" : "logStartupProfileInfo",
  "caller_file_name" : "SpringApplication.java",
  "caller_line_number" : 654
}
{
  "@timestamp" : "2025-04-12T11:50:04.4663975-03:00",
  "@version" : "1",
  "message" : "Started CategoryV2ControllerTest in 0.367 seconds (process running for 4.487)",
  "logger_name" : "com.simplesdental.product.controller.category.CategoryV2ControllerTest",
  "thread_name" : "main",
  "level" : "INFO",
  "level_value" : 20000,
  "caller_class_name" : "org.springframework.boot.StartupInfoLogger",
  "caller_method_name" : "logStarted",
  "caller_file_name" : "StartupInfoLogger.java",
  "caller_line_number" : 56
}
{
  "@timestamp" : "2025-04-12T11:50:04.5744298-03:00",
  "@version" : "1",
  "message" : "Starting UserControllerTest using Java 17.0.12 with PID 8124 (started by vvpro in C:\\Users\\vvpro\\OneDrive\\Documents\\desafio-entrevistas\\simples-dental\\desafio-backend)",
  "logger_name" : "com.simplesdental.product.controller.user.UserControllerTest",
  "thread_name" : "main",
  "level" : "INFO",
  "level_value" : 20000,
  "caller_class_name" : "org.springframework.boot.StartupInfoLogger",
  "caller_method_name" : "logStarting",
  "caller_file_name" : "StartupInfoLogger.java",
  "caller_line_number" : 50
}
{
  "@timestamp" : "2025-04-12T11:50:04.575429-03:00",
  "@version" : "1",
  "message" : "No active profile set, falling back to 1 default profile: \"default\"",
  "logger_name" : "com.simplesdental.product.controller.user.UserControllerTest",
  "thread_name" : "main",
  "level" : "INFO",
  "level_value" : 20000,
  "caller_class_name" : "org.springframework.boot.SpringApplication",
  "caller_method_name" : "logStartupProfileInfo",
  "caller_file_name" : "SpringApplication.java",
  "caller_line_number" : 654
}
{
  "@timestamp" : "2025-04-12T11:54:35.5058496-03:00",
  "@version" : "1",
  "message" : "Starting ProductV2ControllerTest using Java 17.0.12 with PID 22980 (started by vvpro in C:\\Users\\vvpro\\OneDrive\\Documents\\desafio-entrevistas\\simples-dental\\desafio-backend)",
  "logger_name" : "com.simplesdental.product.controller.product.ProductV2ControllerTest",
  "thread_name" : "main",
  "level" : "INFO",
  "level_value" : 20000,
  "caller_class_name" : "org.springframework.boot.StartupInfoLogger",
  "caller_method_name" : "logStarting",
  "caller_file_name" : "StartupInfoLogger.java",
  "caller_line_number" : 50
}
{
  "@timestamp" : "2025-04-12T11:54:35.5153947-03:00",
  "@version" : "1",
  "message" : "No active profile set, falling back to 1 default profile: \"default\"",
  "logger_name" : "com.simplesdental.product.controller.product.ProductV2ControllerTest",
  "thread_name" : "main",
  "level" : "INFO",
  "level_value" : 20000,
  "caller_class_name" : "org.springframework.boot.SpringApplication",
  "caller_method_name" : "logStartupProfileInfo",
  "caller_file_name" : "SpringApplication.java",
  "caller_line_number" : 654
}
{
  "@timestamp" : "2025-04-12T11:54:37.6586516-03:00",
  "@version" : "1",
  "message" : "Started ProductV2ControllerTest in 2.702 seconds (process running for 3.51)",
  "logger_name" : "com.simplesdental.product.controller.product.ProductV2ControllerTest",
  "thread_name" : "main",
  "level" : "INFO",
  "level_value" : 20000,
  "caller_class_name" : "org.springframework.boot.StartupInfoLogger",
  "caller_method_name" : "logStarted",
  "caller_file_name" : "StartupInfoLogger.java",
  "caller_line_number" : 56
}
{
  "@timestamp" : "2025-04-12T11:54:38.0623198-03:00",
  "@version" : "1",
  "message" : "Starting CategoryV2ControllerTest using Java 17.0.12 with PID 22980 (started by vvpro in C:\\Users\\vvpro\\OneDrive\\Documents\\desafio-entrevistas\\simples-dental\\desafio-backend)",
  "logger_name" : "com.simplesdental.product.controller.category.CategoryV2ControllerTest",
  "thread_name" : "main",
  "level" : "INFO",
  "level_value" : 20000,
  "caller_class_name" : "org.springframework.boot.StartupInfoLogger",
  "caller_method_name" : "logStarting",
  "caller_file_name" : "StartupInfoLogger.java",
  "caller_line_number" : 50
}
{
  "@timestamp" : "2025-04-12T11:54:38.0633197-03:00",
  "@version" : "1",
  "message" : "No active profile set, falling back to 1 default profile: \"default\"",
  "logger_name" : "com.simplesdental.product.controller.category.CategoryV2ControllerTest",
  "thread_name" : "main",
  "level" : "INFO",
  "level_value" : 20000,
  "caller_class_name" : "org.springframework.boot.SpringApplication",
  "caller_method_name" : "logStartupProfileInfo",
  "caller_file_name" : "SpringApplication.java",
  "caller_line_number" : 654
}
{
  "@timestamp" : "2025-04-12T11:54:38.3848829-03:00",
  "@version" : "1",
  "message" : "Started CategoryV2ControllerTest in 0.34 seconds (process running for 4.237)",
  "logger_name" : "com.simplesdental.product.controller.category.CategoryV2ControllerTest",
  "thread_name" : "main",
  "level" : "INFO",
  "level_value" : 20000,
  "caller_class_name" : "org.springframework.boot.StartupInfoLogger",
  "caller_method_name" : "logStarted",
  "caller_file_name" : "StartupInfoLogger.java",
  "caller_line_number" : 56
}
{
  "@timestamp" : "2025-04-12T11:54:38.4803737-03:00",
  "@version" : "1",
  "message" : "Starting UserControllerTest using Java 17.0.12 with PID 22980 (started by vvpro in C:\\Users\\vvpro\\OneDrive\\Documents\\desafio-entrevistas\\simples-dental\\desafio-backend)",
  "logger_name" : "com.simplesdental.product.controller.user.UserControllerTest",
  "thread_name" : "main",
  "level" : "INFO",
  "level_value" : 20000,
  "caller_class_name" : "org.springframework.boot.StartupInfoLogger",
  "caller_method_name" : "logStarting",
  "caller_file_name" : "StartupInfoLogger.java",
  "caller_line_number" : 50
}
{
  "@timestamp" : "2025-04-12T11:54:38.4813818-03:00",
  "@version" : "1",
  "message" : "No active profile set, falling back to 1 default profile: \"default\"",
  "logger_name" : "com.simplesdental.product.controller.user.UserControllerTest",
  "thread_name" : "main",
  "level" : "INFO",
  "level_value" : 20000,
  "caller_class_name" : "org.springframework.boot.SpringApplication",
  "caller_method_name" : "logStartupProfileInfo",
  "caller_file_name" : "SpringApplication.java",
  "caller_line_number" : 654
}
{
  "@timestamp" : "2025-04-12T11:54:38.757609-03:00",
  "@version" : "1",
  "message" : "Started UserControllerTest in 0.294 seconds (process running for 4.61)",
  "logger_name" : "com.simplesdental.product.controller.user.UserControllerTest",
  "thread_name" : "main",
  "level" : "INFO",
  "level_value" : 20000,
  "caller_class_name" : "org.springframework.boot.StartupInfoLogger",
  "caller_method_name" : "logStarted",
  "caller_file_name" : "StartupInfoLogger.java",
  "caller_line_number" : 56
}
{
  "@timestamp" : "2025-04-12T11:58:32.229584-03:00",
  "@version" : "1",
  "message" : "Starting UserControllerTest using Java 17.0.12 with PID 25840 (started by vvpro in C:\\Users\\vvpro\\OneDrive\\Documents\\desafio-entrevistas\\simples-dental\\desafio-backend)",
  "logger_name" : "com.simplesdental.product.controller.user.UserControllerTest",
  "thread_name" : "main",
  "level" : "INFO",
  "level_value" : 20000,
  "caller_class_name" : "org.springframework.boot.StartupInfoLogger",
  "caller_method_name" : "logStarting",
  "caller_file_name" : "StartupInfoLogger.java",
  "caller_line_number" : 50
}
{
  "@timestamp" : "2025-04-12T11:58:32.2423286-03:00",
  "@version" : "1",
  "message" : "No active profile set, falling back to 1 default profile: \"default\"",
  "logger_name" : "com.simplesdental.product.controller.user.UserControllerTest",
  "thread_name" : "main",
  "level" : "INFO",
  "level_value" : 20000,
  "caller_class_name" : "org.springframework.boot.SpringApplication",
  "caller_method_name" : "logStartupProfileInfo",
  "caller_file_name" : "SpringApplication.java",
  "caller_line_number" : 654
}
{
  "@timestamp" : "2025-04-12T11:58:34.2944385-03:00",
  "@version" : "1",
  "message" : "Started UserControllerTest in 2.602 seconds (process running for 3.363)",
  "logger_name" : "com.simplesdental.product.controller.user.UserControllerTest",
  "thread_name" : "main",
  "level" : "INFO",
  "level_value" : 20000,
  "caller_class_name" : "org.springframework.boot.StartupInfoLogger",
  "caller_method_name" : "logStarted",
  "caller_file_name" : "StartupInfoLogger.java",
  "caller_line_number" : 56
}
{
  "@timestamp" : "2025-04-12T11:59:34.6079231-03:00",
  "@version" : "1",
  "message" : "Starting UserControllerTest using Java 17.0.12 with PID 18640 (started by vvpro in C:\\Users\\vvpro\\OneDrive\\Documents\\desafio-entrevistas\\simples-dental\\desafio-backend)",
  "logger_name" : "com.simplesdental.product.controller.user.UserControllerTest",
  "thread_name" : "main",
  "level" : "INFO",
  "level_value" : 20000,
  "caller_class_name" : "org.springframework.boot.StartupInfoLogger",
  "caller_method_name" : "logStarting",
  "caller_file_name" : "StartupInfoLogger.java",
  "caller_line_number" : 50
}
{
  "@timestamp" : "2025-04-12T11:59:34.6209329-03:00",
  "@version" : "1",
  "message" : "No active profile set, falling back to 1 default profile: \"default\"",
  "logger_name" : "com.simplesdental.product.controller.user.UserControllerTest",
  "thread_name" : "main",
  "level" : "INFO",
  "level_value" : 20000,
  "caller_class_name" : "org.springframework.boot.SpringApplication",
  "caller_method_name" : "logStartupProfileInfo",
  "caller_file_name" : "SpringApplication.java",
  "caller_line_number" : 654
}
{
  "@timestamp" : "2025-04-12T11:59:36.7157387-03:00",
  "@version" : "1",
  "message" : "Started UserControllerTest in 2.616 seconds (process running for 3.387)",
  "logger_name" : "com.simplesdental.product.controller.user.UserControllerTest",
  "thread_name" : "main",
  "level" : "INFO",
  "level_value" : 20000,
  "caller_class_name" : "org.springframework.boot.StartupInfoLogger",
  "caller_method_name" : "logStarted",
  "caller_file_name" : "StartupInfoLogger.java",
  "caller_line_number" : 56
}
{
  "@timestamp" : "2025-04-12T11:59:50.1723632-03:00",
  "@version" : "1",
  "message" : "Starting UserControllerTest using Java 17.0.12 with PID 9496 (started by vvpro in C:\\Users\\vvpro\\OneDrive\\Documents\\desafio-entrevistas\\simples-dental\\desafio-backend)",
  "logger_name" : "com.simplesdental.product.controller.user.UserControllerTest",
  "thread_name" : "main",
  "level" : "INFO",
  "level_value" : 20000,
  "caller_class_name" : "org.springframework.boot.StartupInfoLogger",
  "caller_method_name" : "logStarting",
  "caller_file_name" : "StartupInfoLogger.java",
  "caller_line_number" : 50
}
{
  "@timestamp" : "2025-04-12T11:59:50.1848731-03:00",
  "@version" : "1",
  "message" : "No active profile set, falling back to 1 default profile: \"default\"",
  "logger_name" : "com.simplesdental.product.controller.user.UserControllerTest",
  "thread_name" : "main",
  "level" : "INFO",
  "level_value" : 20000,
  "caller_class_name" : "org.springframework.boot.SpringApplication",
  "caller_method_name" : "logStartupProfileInfo",
  "caller_file_name" : "SpringApplication.java",
  "caller_line_number" : 654
}
{
  "@timestamp" : "2025-04-12T11:59:52.2965109-03:00",
  "@version" : "1",
  "message" : "Started UserControllerTest in 2.64 seconds (process running for 3.436)",
  "logger_name" : "com.simplesdental.product.controller.user.UserControllerTest",
  "thread_name" : "main",
  "level" : "INFO",
  "level_value" : 20000,
  "caller_class_name" : "org.springframework.boot.StartupInfoLogger",
  "caller_method_name" : "logStarted",
  "caller_file_name" : "StartupInfoLogger.java",
  "caller_line_number" : 56
}
{
  "@timestamp" : "2025-04-12T12:00:07.4496048-03:00",
  "@version" : "1",
  "message" : "Starting UserControllerTest using Java 17.0.12 with PID 10936 (started by vvpro in C:\\Users\\vvpro\\OneDrive\\Documents\\desafio-entrevistas\\simples-dental\\desafio-backend)",
  "logger_name" : "com.simplesdental.product.controller.user.UserControllerTest",
  "thread_name" : "main",
  "level" : "INFO",
  "level_value" : 20000,
  "caller_class_name" : "org.springframework.boot.StartupInfoLogger",
  "caller_method_name" : "logStarting",
  "caller_file_name" : "StartupInfoLogger.java",
  "caller_line_number" : 50
}
{
  "@timestamp" : "2025-04-12T12:00:07.4626089-03:00",
  "@version" : "1",
  "message" : "No active profile set, falling back to 1 default profile: \"default\"",
  "logger_name" : "com.simplesdental.product.controller.user.UserControllerTest",
  "thread_name" : "main",
  "level" : "INFO",
  "level_value" : 20000,
  "caller_class_name" : "org.springframework.boot.SpringApplication",
  "caller_method_name" : "logStartupProfileInfo",
  "caller_file_name" : "SpringApplication.java",
  "caller_line_number" : 654
}
{
  "@timestamp" : "2025-04-12T12:00:09.5530029-03:00",
  "@version" : "1",
  "message" : "Started UserControllerTest in 2.652 seconds (process running for 3.456)",
  "logger_name" : "com.simplesdental.product.controller.user.UserControllerTest",
  "thread_name" : "main",
  "level" : "INFO",
  "level_value" : 20000,
  "caller_class_name" : "org.springframework.boot.StartupInfoLogger",
  "caller_method_name" : "logStarted",
  "caller_file_name" : "StartupInfoLogger.java",
  "caller_line_number" : 56
}
{
  "@timestamp" : "2025-04-12T12:13:38.5872826-03:00",
  "@version" : "1",
  "message" : "Starting ProductApplication using Java 17.0.12 with PID 26112 (C:\\Users\\vvpro\\OneDrive\\Documents\\desafio-entrevistas\\simples-dental\\desafio-backend\\target\\classes started by vvpro in C:\\Users\\vvpro\\OneDrive\\Documents\\desafio-entrevistas\\simples-dental\\desafio-backend)",
  "logger_name" : "com.simplesdental.ProductApplication",
  "thread_name" : "restartedMain",
  "level" : "INFO",
  "level_value" : 20000,
  "caller_class_name" : "org.springframework.boot.StartupInfoLogger",
  "caller_method_name" : "logStarting",
  "caller_file_name" : "StartupInfoLogger.java",
  "caller_line_number" : 50
}
{
  "@timestamp" : "2025-04-12T12:13:38.596284-03:00",
  "@version" : "1",
  "message" : "No active profile set, falling back to 1 default profile: \"default\"",
  "logger_name" : "com.simplesdental.ProductApplication",
  "thread_name" : "restartedMain",
  "level" : "INFO",
  "level_value" : 20000,
  "caller_class_name" : "org.springframework.boot.SpringApplication",
  "caller_method_name" : "logStartupProfileInfo",
  "caller_file_name" : "SpringApplication.java",
  "caller_line_number" : 654
}
{
  "@timestamp" : "2025-04-12T12:13:45.1558106-03:00",
  "@version" : "1",
  "message" : "Started ProductApplication in 7.172 seconds (process running for 7.768)",
  "logger_name" : "com.simplesdental.ProductApplication",
  "thread_name" : "restartedMain",
  "level" : "INFO",
  "level_value" : 20000,
  "caller_class_name" : "org.springframework.boot.StartupInfoLogger",
  "caller_method_name" : "logStarted",
  "caller_file_name" : "StartupInfoLogger.java",
  "caller_line_number" : 56
}
{
  "@timestamp" : "2025-04-12T12:18:44.3392469-03:00",
  "@version" : "1",
  "message" : "Starting ProductApplication using Java 17.0.12 with PID 22676 (C:\\Users\\vvpro\\OneDrive\\Documents\\desafio-entrevistas\\simples-dental\\desafio-backend\\target\\classes started by vvpro in C:\\Users\\vvpro\\OneDrive\\Documents\\desafio-entrevistas\\simples-dental\\desafio-backend)",
  "logger_name" : "com.simplesdental.ProductApplication",
  "thread_name" : "restartedMain",
  "level" : "INFO",
  "level_value" : 20000,
  "caller_class_name" : "org.springframework.boot.StartupInfoLogger",
  "caller_method_name" : "logStarting",
  "caller_file_name" : "StartupInfoLogger.java",
  "caller_line_number" : 50
}
{
  "@timestamp" : "2025-04-12T12:18:44.3490462-03:00",
  "@version" : "1",
  "message" : "No active profile set, falling back to 1 default profile: \"default\"",
  "logger_name" : "com.simplesdental.ProductApplication",
  "thread_name" : "restartedMain",
  "level" : "INFO",
  "level_value" : 20000,
  "caller_class_name" : "org.springframework.boot.SpringApplication",
  "caller_method_name" : "logStartupProfileInfo",
  "caller_file_name" : "SpringApplication.java",
  "caller_line_number" : 654
}
{
  "@timestamp" : "2025-04-12T12:18:51.6393909-03:00",
  "@version" : "1",
  "message" : "Started ProductApplication in 7.96 seconds (process running for 8.556)",
  "logger_name" : "com.simplesdental.ProductApplication",
  "thread_name" : "restartedMain",
  "level" : "INFO",
  "level_value" : 20000,
  "caller_class_name" : "org.springframework.boot.StartupInfoLogger",
  "caller_method_name" : "logStarted",
  "caller_file_name" : "StartupInfoLogger.java",
  "caller_line_number" : 56
}
{
  "@timestamp" : "2025-04-12T16:50:21.6131035-03:00",
  "@version" : "1",
  "message" : "Starting ProductApplication using Java 17.0.12 with PID 26484 (C:\\Users\\vvpro\\OneDrive\\Documents\\desafio-entrevistas\\simples-dental\\desafio-backend\\target\\classes started by vvpro in C:\\Users\\vvpro\\OneDrive\\Documents\\desafio-entrevistas\\simples-dental\\desafio-backend)",
  "logger_name" : "com.simplesdental.ProductApplication",
  "thread_name" : "restartedMain",
  "level" : "INFO",
  "level_value" : 20000,
  "caller_class_name" : "org.springframework.boot.StartupInfoLogger",
  "caller_method_name" : "logStarting",
  "caller_file_name" : "StartupInfoLogger.java",
  "caller_line_number" : 50
}
{
  "@timestamp" : "2025-04-12T16:50:21.6300903-03:00",
  "@version" : "1",
  "message" : "No active profile set, falling back to 1 default profile: \"default\"",
  "logger_name" : "com.simplesdental.ProductApplication",
  "thread_name" : "restartedMain",
  "level" : "INFO",
  "level_value" : 20000,
  "caller_class_name" : "org.springframework.boot.SpringApplication",
  "caller_method_name" : "logStartupProfileInfo",
  "caller_file_name" : "SpringApplication.java",
  "caller_line_number" : 654
}
{
  "@timestamp" : "2025-04-12T16:50:29.3027186-03:00",
  "@version" : "1",
  "message" : "Started ProductApplication in 8.389 seconds (process running for 9.017)",
  "logger_name" : "com.simplesdental.ProductApplication",
  "thread_name" : "restartedMain",
  "level" : "INFO",
  "level_value" : 20000,
  "caller_class_name" : "org.springframework.boot.StartupInfoLogger",
  "caller_method_name" : "logStarted",
  "caller_file_name" : "StartupInfoLogger.java",
  "caller_line_number" : 56
}
{
  "@timestamp" : "2025-04-12T16:53:31.5078538-03:00",
  "@version" : "1",
  "message" : "Starting ProductApplication using Java 17.0.12 with PID 26484 (C:\\Users\\vvpro\\OneDrive\\Documents\\desafio-entrevistas\\simples-dental\\desafio-backend\\target\\classes started by vvpro in C:\\Users\\vvpro\\OneDrive\\Documents\\desafio-entrevistas\\simples-dental\\desafio-backend)",
  "logger_name" : "com.simplesdental.ProductApplication",
  "thread_name" : "restartedMain",
  "level" : "INFO",
  "level_value" : 20000,
  "caller_class_name" : "org.springframework.boot.StartupInfoLogger",
  "caller_method_name" : "logStarting",
  "caller_file_name" : "StartupInfoLogger.java",
  "caller_line_number" : 50
}
{
  "@timestamp" : "2025-04-12T16:53:31.509356-03:00",
  "@version" : "1",
  "message" : "No active profile set, falling back to 1 default profile: \"default\"",
  "logger_name" : "com.simplesdental.ProductApplication",
  "thread_name" : "restartedMain",
  "level" : "INFO",
  "level_value" : 20000,
  "caller_class_name" : "org.springframework.boot.SpringApplication",
  "caller_method_name" : "logStartupProfileInfo",
  "caller_file_name" : "SpringApplication.java",
  "caller_line_number" : 654
}
{
  "@timestamp" : "2025-04-12T16:53:33.7875857-03:00",
  "@version" : "1",
  "message" : "Started ProductApplication in 2.327 seconds (process running for 193.502)",
  "logger_name" : "com.simplesdental.ProductApplication",
  "thread_name" : "restartedMain",
  "level" : "INFO",
  "level_value" : 20000,
  "caller_class_name" : "org.springframework.boot.StartupInfoLogger",
  "caller_method_name" : "logStarted",
  "caller_file_name" : "StartupInfoLogger.java",
  "caller_line_number" : 56
}
{
  "@timestamp" : "2025-04-12T16:53:58.1053715-03:00",
  "@version" : "1",
  "message" : "Starting ProductApplication using Java 17.0.12 with PID 26484 (C:\\Users\\vvpro\\OneDrive\\Documents\\desafio-entrevistas\\simples-dental\\desafio-backend\\target\\classes started by vvpro in C:\\Users\\vvpro\\OneDrive\\Documents\\desafio-entrevistas\\simples-dental\\desafio-backend)",
  "logger_name" : "com.simplesdental.ProductApplication",
  "thread_name" : "restartedMain",
  "level" : "INFO",
  "level_value" : 20000,
  "caller_class_name" : "org.springframework.boot.StartupInfoLogger",
  "caller_method_name" : "logStarting",
  "caller_file_name" : "StartupInfoLogger.java",
  "caller_line_number" : 50
}
{
  "@timestamp" : "2025-04-12T16:53:58.1063703-03:00",
  "@version" : "1",
  "message" : "No active profile set, falling back to 1 default profile: \"default\"",
  "logger_name" : "com.simplesdental.ProductApplication",
  "thread_name" : "restartedMain",
  "level" : "INFO",
  "level_value" : 20000,
  "caller_class_name" : "org.springframework.boot.SpringApplication",
  "caller_method_name" : "logStartupProfileInfo",
  "caller_file_name" : "SpringApplication.java",
  "caller_line_number" : 654
}
{
  "@timestamp" : "2025-04-12T16:53:59.3582409-03:00",
  "@version" : "1",
  "message" : "Started ProductApplication in 1.292 seconds (process running for 219.072)",
  "logger_name" : "com.simplesdental.ProductApplication",
  "thread_name" : "restartedMain",
  "level" : "INFO",
  "level_value" : 20000,
  "caller_class_name" : "org.springframework.boot.StartupInfoLogger",
  "caller_method_name" : "logStarted",
  "caller_file_name" : "StartupInfoLogger.java",
  "caller_line_number" : 56
}
{
  "@timestamp" : "2025-04-12T16:54:12.4501327-03:00",
  "@version" : "1",
  "message" : "Starting ProductApplication using Java 17.0.12 with PID 26484 (C:\\Users\\vvpro\\OneDrive\\Documents\\desafio-entrevistas\\simples-dental\\desafio-backend\\target\\classes started by vvpro in C:\\Users\\vvpro\\OneDrive\\Documents\\desafio-entrevistas\\simples-dental\\desafio-backend)",
  "logger_name" : "com.simplesdental.ProductApplication",
  "thread_name" : "restartedMain",
  "level" : "INFO",
  "level_value" : 20000,
  "caller_class_name" : "org.springframework.boot.StartupInfoLogger",
  "caller_method_name" : "logStarting",
  "caller_file_name" : "StartupInfoLogger.java",
  "caller_line_number" : 50
}
{
  "@timestamp" : "2025-04-12T16:54:12.4531324-03:00",
  "@version" : "1",
  "message" : "No active profile set, falling back to 1 default profile: \"default\"",
  "logger_name" : "com.simplesdental.ProductApplication",
  "thread_name" : "restartedMain",
  "level" : "INFO",
  "level_value" : 20000,
  "caller_class_name" : "org.springframework.boot.SpringApplication",
  "caller_method_name" : "logStartupProfileInfo",
  "caller_file_name" : "SpringApplication.java",
  "caller_line_number" : 654
}
{
  "@timestamp" : "2025-04-12T16:54:13.5453338-03:00",
  "@version" : "1",
  "message" : "Started ProductApplication in 1.152 seconds (process running for 233.259)",
  "logger_name" : "com.simplesdental.ProductApplication",
  "thread_name" : "restartedMain",
  "level" : "INFO",
  "level_value" : 20000,
  "caller_class_name" : "org.springframework.boot.StartupInfoLogger",
  "caller_method_name" : "logStarted",
  "caller_file_name" : "StartupInfoLogger.java",
  "caller_line_number" : 56
}
{
  "@timestamp" : "2025-04-12T16:56:25.2355114-03:00",
  "@version" : "1",
  "message" : "Starting ProductApplication using Java 17.0.12 with PID 26484 (C:\\Users\\vvpro\\OneDrive\\Documents\\desafio-entrevistas\\simples-dental\\desafio-backend\\target\\classes started by vvpro in C:\\Users\\vvpro\\OneDrive\\Documents\\desafio-entrevistas\\simples-dental\\desafio-backend)",
  "logger_name" : "com.simplesdental.ProductApplication",
  "thread_name" : "restartedMain",
  "level" : "INFO",
  "level_value" : 20000,
  "caller_class_name" : "org.springframework.boot.StartupInfoLogger",
  "caller_method_name" : "logStarting",
  "caller_file_name" : "StartupInfoLogger.java",
  "caller_line_number" : 50
}
{
  "@timestamp" : "2025-04-12T16:56:25.2375031-03:00",
  "@version" : "1",
  "message" : "No active profile set, falling back to 1 default profile: \"default\"",
  "logger_name" : "com.simplesdental.ProductApplication",
  "thread_name" : "restartedMain",
  "level" : "INFO",
  "level_value" : 20000,
  "caller_class_name" : "org.springframework.boot.SpringApplication",
  "caller_method_name" : "logStartupProfileInfo",
  "caller_file_name" : "SpringApplication.java",
  "caller_line_number" : 654
}
{
  "@timestamp" : "2025-04-12T16:56:26.4717688-03:00",
  "@version" : "1",
  "message" : "Started ProductApplication in 1.29 seconds (process running for 366.186)",
  "logger_name" : "com.simplesdental.ProductApplication",
  "thread_name" : "restartedMain",
  "level" : "INFO",
  "level_value" : 20000,
  "caller_class_name" : "org.springframework.boot.StartupInfoLogger",
  "caller_method_name" : "logStarted",
  "caller_file_name" : "StartupInfoLogger.java",
  "caller_line_number" : 56
}
{
  "@timestamp" : "2025-04-12T16:59:11.0942429-03:00",
  "@version" : "1",
  "message" : "Starting ProductApplication using Java 17.0.12 with PID 26484 (C:\\Users\\vvpro\\OneDrive\\Documents\\desafio-entrevistas\\simples-dental\\desafio-backend\\target\\classes started by vvpro in C:\\Users\\vvpro\\OneDrive\\Documents\\desafio-entrevistas\\simples-dental\\desafio-backend)",
  "logger_name" : "com.simplesdental.ProductApplication",
  "thread_name" : "restartedMain",
  "level" : "INFO",
  "level_value" : 20000,
  "caller_class_name" : "org.springframework.boot.StartupInfoLogger",
  "caller_method_name" : "logStarting",
  "caller_file_name" : "StartupInfoLogger.java",
  "caller_line_number" : 50
}
{
  "@timestamp" : "2025-04-12T16:59:11.0952436-03:00",
  "@version" : "1",
  "message" : "No active profile set, falling back to 1 default profile: \"default\"",
  "logger_name" : "com.simplesdental.ProductApplication",
  "thread_name" : "restartedMain",
  "level" : "INFO",
  "level_value" : 20000,
  "caller_class_name" : "org.springframework.boot.SpringApplication",
  "caller_method_name" : "logStartupProfileInfo",
  "caller_file_name" : "SpringApplication.java",
  "caller_line_number" : 654
}
{
  "@timestamp" : "2025-04-12T16:59:12.782088-03:00",
  "@version" : "1",
  "message" : "Started ProductApplication in 1.738 seconds (process running for 532.496)",
  "logger_name" : "com.simplesdental.ProductApplication",
  "thread_name" : "restartedMain",
  "level" : "INFO",
  "level_value" : 20000,
  "caller_class_name" : "org.springframework.boot.StartupInfoLogger",
  "caller_method_name" : "logStarted",
  "caller_file_name" : "StartupInfoLogger.java",
  "caller_line_number" : 56
}
{
  "@timestamp" : "2025-04-12T16:59:14.348253-03:00",
  "@version" : "1",
  "message" : "Starting ProductApplication using Java 17.0.12 with PID 26484 (C:\\Users\\vvpro\\OneDrive\\Documents\\desafio-entrevistas\\simples-dental\\desafio-backend\\target\\classes started by vvpro in C:\\Users\\vvpro\\OneDrive\\Documents\\desafio-entrevistas\\simples-dental\\desafio-backend)",
  "logger_name" : "com.simplesdental.ProductApplication",
  "thread_name" : "restartedMain",
  "level" : "INFO",
  "level_value" : 20000,
  "caller_class_name" : "org.springframework.boot.StartupInfoLogger",
  "caller_method_name" : "logStarting",
  "caller_file_name" : "StartupInfoLogger.java",
  "caller_line_number" : 50
}
{
  "@timestamp" : "2025-04-12T16:59:14.3492522-03:00",
  "@version" : "1",
  "message" : "No active profile set, falling back to 1 default profile: \"default\"",
  "logger_name" : "com.simplesdental.ProductApplication",
  "thread_name" : "restartedMain",
  "level" : "INFO",
  "level_value" : 20000,
  "caller_class_name" : "org.springframework.boot.SpringApplication",
  "caller_method_name" : "logStartupProfileInfo",
  "caller_file_name" : "SpringApplication.java",
  "caller_line_number" : 654
}
{
  "@timestamp" : "2025-04-12T16:59:15.5392811-03:00",
  "@version" : "1",
  "message" : "Started ProductApplication in 1.222 seconds (process running for 535.253)",
  "logger_name" : "com.simplesdental.ProductApplication",
  "thread_name" : "restartedMain",
  "level" : "INFO",
  "level_value" : 20000,
  "caller_class_name" : "org.springframework.boot.StartupInfoLogger",
  "caller_method_name" : "logStarted",
  "caller_file_name" : "StartupInfoLogger.java",
  "caller_line_number" : 56
}
{
  "@timestamp" : "2025-04-12T16:59:17.1156358-03:00",
  "@version" : "1",
  "message" : "Starting ProductApplication using Java 17.0.12 with PID 26484 (C:\\Users\\vvpro\\OneDrive\\Documents\\desafio-entrevistas\\simples-dental\\desafio-backend\\target\\classes started by vvpro in C:\\Users\\vvpro\\OneDrive\\Documents\\desafio-entrevistas\\simples-dental\\desafio-backend)",
  "logger_name" : "com.simplesdental.ProductApplication",
  "thread_name" : "restartedMain",
  "level" : "INFO",
  "level_value" : 20000,
  "caller_class_name" : "org.springframework.boot.StartupInfoLogger",
  "caller_method_name" : "logStarting",
  "caller_file_name" : "StartupInfoLogger.java",
  "caller_line_number" : 50
}
{
  "@timestamp" : "2025-04-12T16:59:17.1166388-03:00",
  "@version" : "1",
  "message" : "No active profile set, falling back to 1 default profile: \"default\"",
  "logger_name" : "com.simplesdental.ProductApplication",
  "thread_name" : "restartedMain",
  "level" : "INFO",
  "level_value" : 20000,
  "caller_class_name" : "org.springframework.boot.SpringApplication",
  "caller_method_name" : "logStartupProfileInfo",
  "caller_file_name" : "SpringApplication.java",
  "caller_line_number" : 654
}
{
  "@timestamp" : "2025-04-12T16:59:18.3850901-03:00",
  "@version" : "1",
  "message" : "Started ProductApplication in 1.316 seconds (process running for 538.099)",
  "logger_name" : "com.simplesdental.ProductApplication",
  "thread_name" : "restartedMain",
  "level" : "INFO",
  "level_value" : 20000,
  "caller_class_name" : "org.springframework.boot.StartupInfoLogger",
  "caller_method_name" : "logStarted",
  "caller_file_name" : "StartupInfoLogger.java",
  "caller_line_number" : 56
}
{
  "@timestamp" : "2025-04-12T16:59:20.9546302-03:00",
  "@version" : "1",
  "message" : "Starting ProductApplication using Java 17.0.12 with PID 26484 (C:\\Users\\vvpro\\OneDrive\\Documents\\desafio-entrevistas\\simples-dental\\desafio-backend\\target\\classes started by vvpro in C:\\Users\\vvpro\\OneDrive\\Documents\\desafio-entrevistas\\simples-dental\\desafio-backend)",
  "logger_name" : "com.simplesdental.ProductApplication",
  "thread_name" : "restartedMain",
  "level" : "INFO",
  "level_value" : 20000,
  "caller_class_name" : "org.springframework.boot.StartupInfoLogger",
  "caller_method_name" : "logStarting",
  "caller_file_name" : "StartupInfoLogger.java",
  "caller_line_number" : 50
}
{
  "@timestamp" : "2025-04-12T16:59:20.9552105-03:00",
  "@version" : "1",
  "message" : "No active profile set, falling back to 1 default profile: \"default\"",
  "logger_name" : "com.simplesdental.ProductApplication",
  "thread_name" : "restartedMain",
  "level" : "INFO",
  "level_value" : 20000,
  "caller_class_name" : "org.springframework.boot.SpringApplication",
  "caller_method_name" : "logStartupProfileInfo",
  "caller_file_name" : "SpringApplication.java",
  "caller_line_number" : 654
}
{
  "@timestamp" : "2025-04-12T16:59:21.6506496-03:00",
  "@version" : "1",
  "message" : "Started ProductApplication in 0.719 seconds (process running for 541.365)",
  "logger_name" : "com.simplesdental.ProductApplication",
  "thread_name" : "restartedMain",
  "level" : "INFO",
  "level_value" : 20000,
  "caller_class_name" : "org.springframework.boot.StartupInfoLogger",
  "caller_method_name" : "logStarted",
  "caller_file_name" : "StartupInfoLogger.java",
  "caller_line_number" : 56
}
{
  "@timestamp" : "2025-04-12T16:59:42.6175969-03:00",
  "@version" : "1",
  "message" : "Buscando categoria com ID: 1",
  "logger_name" : "com.simplesdental.application.category.usecase.GetByIdCategoryUseCase",
  "thread_name" : "http-nio-8080-exec-4",
  "level" : "INFO",
  "level_value" : 20000,
  "caller_class_name" : "com.simplesdental.application.category.usecase.GetByIdCategoryUseCase",
  "caller_method_name" : "execute",
  "caller_file_name" : "GetByIdCategoryUseCase.java",
  "caller_line_number" : 23
}
{
  "@timestamp" : "2025-04-12T16:59:42.6503144-03:00",
  "@version" : "1",
  "message" : "Categoria  encontrada com ID: 1",
  "logger_name" : "com.simplesdental.application.category.usecase.GetByIdCategoryUseCase",
  "thread_name" : "http-nio-8080-exec-4",
  "level" : "INFO",
  "level_value" : 20000,
  "caller_class_name" : "com.simplesdental.application.category.usecase.GetByIdCategoryUseCase",
  "caller_method_name" : "execute",
  "caller_file_name" : "GetByIdCategoryUseCase.java",
  "caller_line_number" : 25
}
{
  "@timestamp" : "2025-04-12T17:00:26.2502673-03:00",
  "@version" : "1",
  "message" : "Starting ProductApplication using Java 17.0.12 with PID 26484 (C:\\Users\\vvpro\\OneDrive\\Documents\\desafio-entrevistas\\simples-dental\\desafio-backend\\target\\classes started by vvpro in C:\\Users\\vvpro\\OneDrive\\Documents\\desafio-entrevistas\\simples-dental\\desafio-backend)",
  "logger_name" : "com.simplesdental.ProductApplication",
  "thread_name" : "restartedMain",
  "level" : "INFO",
  "level_value" : 20000,
  "caller_class_name" : "org.springframework.boot.StartupInfoLogger",
  "caller_method_name" : "logStarting",
  "caller_file_name" : "StartupInfoLogger.java",
  "caller_line_number" : 50
}
{
  "@timestamp" : "2025-04-12T17:00:26.2519352-03:00",
  "@version" : "1",
  "message" : "No active profile set, falling back to 1 default profile: \"default\"",
  "logger_name" : "com.simplesdental.ProductApplication",
  "thread_name" : "restartedMain",
  "level" : "INFO",
  "level_value" : 20000,
  "caller_class_name" : "org.springframework.boot.SpringApplication",
  "caller_method_name" : "logStartupProfileInfo",
  "caller_file_name" : "SpringApplication.java",
  "caller_line_number" : 654
}
{
  "@timestamp" : "2025-04-12T17:00:27.4492544-03:00",
  "@version" : "1",
  "message" : "Started ProductApplication in 1.236 seconds (process running for 607.163)",
  "logger_name" : "com.simplesdental.ProductApplication",
  "thread_name" : "restartedMain",
  "level" : "INFO",
  "level_value" : 20000,
  "caller_class_name" : "org.springframework.boot.StartupInfoLogger",
  "caller_method_name" : "logStarted",
  "caller_file_name" : "StartupInfoLogger.java",
  "caller_line_number" : 56
}
{
  "@timestamp" : "2025-04-12T17:01:15.6102307-03:00",
  "@version" : "1",
  "message" : "Starting ProductApplication using Java 17.0.12 with PID 26484 (C:\\Users\\vvpro\\OneDrive\\Documents\\desafio-entrevistas\\simples-dental\\desafio-backend\\target\\classes started by vvpro in C:\\Users\\vvpro\\OneDrive\\Documents\\desafio-entrevistas\\simples-dental\\desafio-backend)",
  "logger_name" : "com.simplesdental.ProductApplication",
  "thread_name" : "restartedMain",
  "level" : "INFO",
  "level_value" : 20000,
  "caller_class_name" : "org.springframework.boot.StartupInfoLogger",
  "caller_method_name" : "logStarting",
  "caller_file_name" : "StartupInfoLogger.java",
  "caller_line_number" : 50
}
{
  "@timestamp" : "2025-04-12T17:01:15.6143643-03:00",
  "@version" : "1",
  "message" : "No active profile set, falling back to 1 default profile: \"default\"",
  "logger_name" : "com.simplesdental.ProductApplication",
  "thread_name" : "restartedMain",
  "level" : "INFO",
  "level_value" : 20000,
  "caller_class_name" : "org.springframework.boot.SpringApplication",
  "caller_method_name" : "logStartupProfileInfo",
  "caller_file_name" : "SpringApplication.java",
  "caller_line_number" : 654
}
{
  "@timestamp" : "2025-04-12T17:01:16.5966266-03:00",
  "@version" : "1",
  "message" : "Started ProductApplication in 1.054 seconds (process running for 656.311)",
  "logger_name" : "com.simplesdental.ProductApplication",
  "thread_name" : "restartedMain",
  "level" : "INFO",
  "level_value" : 20000,
  "caller_class_name" : "org.springframework.boot.StartupInfoLogger",
  "caller_method_name" : "logStarted",
  "caller_file_name" : "StartupInfoLogger.java",
  "caller_line_number" : 56
}
{
  "@timestamp" : "2025-04-12T17:01:22.2753341-03:00",
  "@version" : "1",
  "message" : "Starting ProductApplication using Java 17.0.12 with PID 26484 (C:\\Users\\vvpro\\OneDrive\\Documents\\desafio-entrevistas\\simples-dental\\desafio-backend\\target\\classes started by vvpro in C:\\Users\\vvpro\\OneDrive\\Documents\\desafio-entrevistas\\simples-dental\\desafio-backend)",
  "logger_name" : "com.simplesdental.ProductApplication",
  "thread_name" : "restartedMain",
  "level" : "INFO",
  "level_value" : 20000,
  "caller_class_name" : "org.springframework.boot.StartupInfoLogger",
  "caller_method_name" : "logStarting",
  "caller_file_name" : "StartupInfoLogger.java",
  "caller_line_number" : 50
}
{
  "@timestamp" : "2025-04-12T17:01:22.2763294-03:00",
  "@version" : "1",
  "message" : "No active profile set, falling back to 1 default profile: \"default\"",
  "logger_name" : "com.simplesdental.ProductApplication",
  "thread_name" : "restartedMain",
  "level" : "INFO",
  "level_value" : 20000,
  "caller_class_name" : "org.springframework.boot.SpringApplication",
  "caller_method_name" : "logStartupProfileInfo",
  "caller_file_name" : "SpringApplication.java",
  "caller_line_number" : 654
}
{
  "@timestamp" : "2025-04-12T17:01:23.0894741-03:00",
  "@version" : "1",
  "message" : "Started ProductApplication in 0.835 seconds (process running for 662.803)",
  "logger_name" : "com.simplesdental.ProductApplication",
  "thread_name" : "restartedMain",
  "level" : "INFO",
  "level_value" : 20000,
  "caller_class_name" : "org.springframework.boot.StartupInfoLogger",
  "caller_method_name" : "logStarted",
  "caller_file_name" : "StartupInfoLogger.java",
  "caller_line_number" : 56
}
{
  "@timestamp" : "2025-04-12T17:01:25.7841867-03:00",
  "@version" : "1",
  "message" : "Starting ProductApplication using Java 17.0.12 with PID 26484 (C:\\Users\\vvpro\\OneDrive\\Documents\\desafio-entrevistas\\simples-dental\\desafio-backend\\target\\classes started by vvpro in C:\\Users\\vvpro\\OneDrive\\Documents\\desafio-entrevistas\\simples-dental\\desafio-backend)",
  "logger_name" : "com.simplesdental.ProductApplication",
  "thread_name" : "restartedMain",
  "level" : "INFO",
  "level_value" : 20000,
  "caller_class_name" : "org.springframework.boot.StartupInfoLogger",
  "caller_method_name" : "logStarting",
  "caller_file_name" : "StartupInfoLogger.java",
  "caller_line_number" : 50
}
{
  "@timestamp" : "2025-04-12T17:01:25.7841867-03:00",
  "@version" : "1",
  "message" : "No active profile set, falling back to 1 default profile: \"default\"",
  "logger_name" : "com.simplesdental.ProductApplication",
  "thread_name" : "restartedMain",
  "level" : "INFO",
  "level_value" : 20000,
  "caller_class_name" : "org.springframework.boot.SpringApplication",
  "caller_method_name" : "logStartupProfileInfo",
  "caller_file_name" : "SpringApplication.java",
  "caller_line_number" : 654
}
{
  "@timestamp" : "2025-04-12T17:01:26.9841989-03:00",
  "@version" : "1",
  "message" : "Started ProductApplication in 1.232 seconds (process running for 666.698)",
  "logger_name" : "com.simplesdental.ProductApplication",
  "thread_name" : "restartedMain",
  "level" : "INFO",
  "level_value" : 20000,
  "caller_class_name" : "org.springframework.boot.StartupInfoLogger",
  "caller_method_name" : "logStarted",
  "caller_file_name" : "StartupInfoLogger.java",
  "caller_line_number" : 56
}
{
  "@timestamp" : "2025-04-12T17:01:51.3522398-03:00",
  "@version" : "1",
  "message" : "Starting ProductApplication using Java 17.0.12 with PID 26484 (C:\\Users\\vvpro\\OneDrive\\Documents\\desafio-entrevistas\\simples-dental\\desafio-backend\\target\\classes started by vvpro in C:\\Users\\vvpro\\OneDrive\\Documents\\desafio-entrevistas\\simples-dental\\desafio-backend)",
  "logger_name" : "com.simplesdental.ProductApplication",
  "thread_name" : "restartedMain",
  "level" : "INFO",
  "level_value" : 20000,
  "caller_class_name" : "org.springframework.boot.StartupInfoLogger",
  "caller_method_name" : "logStarting",
  "caller_file_name" : "StartupInfoLogger.java",
  "caller_line_number" : 50
}
{
  "@timestamp" : "2025-04-12T17:01:51.3552399-03:00",
  "@version" : "1",
  "message" : "No active profile set, falling back to 1 default profile: \"default\"",
  "logger_name" : "com.simplesdental.ProductApplication",
  "thread_name" : "restartedMain",
  "level" : "INFO",
  "level_value" : 20000,
  "caller_class_name" : "org.springframework.boot.SpringApplication",
  "caller_method_name" : "logStartupProfileInfo",
  "caller_file_name" : "SpringApplication.java",
  "caller_line_number" : 654
}
{
  "@timestamp" : "2025-04-12T17:01:52.2901414-03:00",
  "@version" : "1",
  "message" : "Started ProductApplication in 0.975 seconds (process running for 692.004)",
  "logger_name" : "com.simplesdental.ProductApplication",
  "thread_name" : "restartedMain",
  "level" : "INFO",
  "level_value" : 20000,
  "caller_class_name" : "org.springframework.boot.StartupInfoLogger",
  "caller_method_name" : "logStarted",
  "caller_file_name" : "StartupInfoLogger.java",
  "caller_line_number" : 56
}
{
  "@timestamp" : "2025-04-12T17:02:46.4126439-03:00",
  "@version" : "1",
  "message" : "Starting ProductApplication using Java 17.0.12 with PID 26484 (C:\\Users\\vvpro\\OneDrive\\Documents\\desafio-entrevistas\\simples-dental\\desafio-backend\\target\\classes started by vvpro in C:\\Users\\vvpro\\OneDrive\\Documents\\desafio-entrevistas\\simples-dental\\desafio-backend)",
  "logger_name" : "com.simplesdental.ProductApplication",
  "thread_name" : "restartedMain",
  "level" : "INFO",
  "level_value" : 20000,
  "caller_class_name" : "org.springframework.boot.StartupInfoLogger",
  "caller_method_name" : "logStarting",
  "caller_file_name" : "StartupInfoLogger.java",
  "caller_line_number" : 50
}
{
  "@timestamp" : "2025-04-12T17:02:46.4136441-03:00",
  "@version" : "1",
  "message" : "No active profile set, falling back to 1 default profile: \"default\"",
  "logger_name" : "com.simplesdental.ProductApplication",
  "thread_name" : "restartedMain",
  "level" : "INFO",
  "level_value" : 20000,
  "caller_class_name" : "org.springframework.boot.SpringApplication",
  "caller_method_name" : "logStartupProfileInfo",
  "caller_file_name" : "SpringApplication.java",
  "caller_line_number" : 654
}
{
  "@timestamp" : "2025-04-12T17:02:47.1211608-03:00",
  "@version" : "1",
  "message" : "Started ProductApplication in 0.737 seconds (process running for 746.835)",
  "logger_name" : "com.simplesdental.ProductApplication",
  "thread_name" : "restartedMain",
  "level" : "INFO",
  "level_value" : 20000,
  "caller_class_name" : "org.springframework.boot.StartupInfoLogger",
  "caller_method_name" : "logStarted",
  "caller_file_name" : "StartupInfoLogger.java",
  "caller_line_number" : 56
}
{
  "@timestamp" : "2025-04-12T17:03:32.0071958-03:00",
  "@version" : "1",
  "message" : "Starting ProductApplication using Java 17.0.12 with PID 26484 (C:\\Users\\vvpro\\OneDrive\\Documents\\desafio-entrevistas\\simples-dental\\desafio-backend\\target\\classes started by vvpro in C:\\Users\\vvpro\\OneDrive\\Documents\\desafio-entrevistas\\simples-dental\\desafio-backend)",
  "logger_name" : "com.simplesdental.ProductApplication",
  "thread_name" : "restartedMain",
  "level" : "INFO",
  "level_value" : 20000,
  "caller_class_name" : "org.springframework.boot.StartupInfoLogger",
  "caller_method_name" : "logStarting",
  "caller_file_name" : "StartupInfoLogger.java",
  "caller_line_number" : 50
}
{
  "@timestamp" : "2025-04-12T17:03:32.0071958-03:00",
  "@version" : "1",
  "message" : "No active profile set, falling back to 1 default profile: \"default\"",
  "logger_name" : "com.simplesdental.ProductApplication",
  "thread_name" : "restartedMain",
  "level" : "INFO",
  "level_value" : 20000,
  "caller_class_name" : "org.springframework.boot.SpringApplication",
  "caller_method_name" : "logStartupProfileInfo",
  "caller_file_name" : "SpringApplication.java",
  "caller_line_number" : 654
}
{
  "@timestamp" : "2025-04-12T17:03:35.4136036-03:00",
  "@version" : "1",
  "message" : "Starting ProductApplication using Java 17.0.12 with PID 26484 (C:\\Users\\vvpro\\OneDrive\\Documents\\desafio-entrevistas\\simples-dental\\desafio-backend\\target\\classes started by vvpro in C:\\Users\\vvpro\\OneDrive\\Documents\\desafio-entrevistas\\simples-dental\\desafio-backend)",
  "logger_name" : "com.simplesdental.ProductApplication",
  "thread_name" : "restartedMain",
  "level" : "INFO",
  "level_value" : 20000,
  "caller_class_name" : "org.springframework.boot.StartupInfoLogger",
  "caller_method_name" : "logStarting",
  "caller_file_name" : "StartupInfoLogger.java",
  "caller_line_number" : 50
}
{
  "@timestamp" : "2025-04-12T17:03:35.4146046-03:00",
  "@version" : "1",
  "message" : "No active profile set, falling back to 1 default profile: \"default\"",
  "logger_name" : "com.simplesdental.ProductApplication",
  "thread_name" : "restartedMain",
  "level" : "INFO",
  "level_value" : 20000,
  "caller_class_name" : "org.springframework.boot.SpringApplication",
  "caller_method_name" : "logStartupProfileInfo",
  "caller_file_name" : "SpringApplication.java",
  "caller_line_number" : 654
}
{
  "@timestamp" : "2025-04-12T17:03:36.3008537-03:00",
  "@version" : "1",
  "message" : "Started ProductApplication in 0.92 seconds (process running for 796.015)",
  "logger_name" : "com.simplesdental.ProductApplication",
  "thread_name" : "restartedMain",
  "level" : "INFO",
  "level_value" : 20000,
  "caller_class_name" : "org.springframework.boot.StartupInfoLogger",
  "caller_method_name" : "logStarted",
  "caller_file_name" : "StartupInfoLogger.java",
  "caller_line_number" : 56
}
{
  "@timestamp" : "2025-04-12T17:03:38.0234622-03:00",
  "@version" : "1",
  "message" : "Starting ProductApplication using Java 17.0.12 with PID 26484 (C:\\Users\\vvpro\\OneDrive\\Documents\\desafio-entrevistas\\simples-dental\\desafio-backend\\target\\classes started by vvpro in C:\\Users\\vvpro\\OneDrive\\Documents\\desafio-entrevistas\\simples-dental\\desafio-backend)",
  "logger_name" : "com.simplesdental.ProductApplication",
  "thread_name" : "restartedMain",
  "level" : "INFO",
  "level_value" : 20000,
  "caller_class_name" : "org.springframework.boot.StartupInfoLogger",
  "caller_method_name" : "logStarting",
  "caller_file_name" : "StartupInfoLogger.java",
  "caller_line_number" : 50
}
{
  "@timestamp" : "2025-04-12T17:03:38.027474-03:00",
  "@version" : "1",
  "message" : "No active profile set, falling back to 1 default profile: \"default\"",
  "logger_name" : "com.simplesdental.ProductApplication",
  "thread_name" : "restartedMain",
  "level" : "INFO",
  "level_value" : 20000,
  "caller_class_name" : "org.springframework.boot.SpringApplication",
  "caller_method_name" : "logStartupProfileInfo",
  "caller_file_name" : "SpringApplication.java",
  "caller_line_number" : 654
}
{
  "@timestamp" : "2025-04-12T17:03:39.1205117-03:00",
  "@version" : "1",
  "message" : "Started ProductApplication in 1.132 seconds (process running for 798.834)",
  "logger_name" : "com.simplesdental.ProductApplication",
  "thread_name" : "restartedMain",
  "level" : "INFO",
  "level_value" : 20000,
  "caller_class_name" : "org.springframework.boot.StartupInfoLogger",
  "caller_method_name" : "logStarted",
  "caller_file_name" : "StartupInfoLogger.java",
  "caller_line_number" : 56
}
{
  "@timestamp" : "2025-04-12T17:04:25.1524606-03:00",
  "@version" : "1",
  "message" : "Starting ProductApplication using Java 17.0.12 with PID 26484 (C:\\Users\\vvpro\\OneDrive\\Documents\\desafio-entrevistas\\simples-dental\\desafio-backend\\target\\classes started by vvpro in C:\\Users\\vvpro\\OneDrive\\Documents\\desafio-entrevistas\\simples-dental\\desafio-backend)",
  "logger_name" : "com.simplesdental.ProductApplication",
  "thread_name" : "restartedMain",
  "level" : "INFO",
  "level_value" : 20000,
  "caller_class_name" : "org.springframework.boot.StartupInfoLogger",
  "caller_method_name" : "logStarting",
  "caller_file_name" : "StartupInfoLogger.java",
  "caller_line_number" : 50
}
{
  "@timestamp" : "2025-04-12T17:04:25.1524606-03:00",
  "@version" : "1",
  "message" : "No active profile set, falling back to 1 default profile: \"default\"",
  "logger_name" : "com.simplesdental.ProductApplication",
  "thread_name" : "restartedMain",
  "level" : "INFO",
  "level_value" : 20000,
  "caller_class_name" : "org.springframework.boot.SpringApplication",
  "caller_method_name" : "logStartupProfileInfo",
  "caller_file_name" : "SpringApplication.java",
  "caller_line_number" : 654
}
{
  "@timestamp" : "2025-04-12T17:04:25.8804687-03:00",
  "@version" : "1",
  "message" : "Started ProductApplication in 0.752 seconds (process running for 845.594)",
  "logger_name" : "com.simplesdental.ProductApplication",
  "thread_name" : "restartedMain",
  "level" : "INFO",
  "level_value" : 20000,
  "caller_class_name" : "org.springframework.boot.StartupInfoLogger",
  "caller_method_name" : "logStarted",
  "caller_file_name" : "StartupInfoLogger.java",
  "caller_line_number" : 56
}
{
  "@timestamp" : "2025-04-12T17:04:27.4606992-03:00",
  "@version" : "1",
  "message" : "Starting ProductApplication using Java 17.0.12 with PID 26484 (C:\\Users\\vvpro\\OneDrive\\Documents\\desafio-entrevistas\\simples-dental\\desafio-backend\\target\\classes started by vvpro in C:\\Users\\vvpro\\OneDrive\\Documents\\desafio-entrevistas\\simples-dental\\desafio-backend)",
  "logger_name" : "com.simplesdental.ProductApplication",
  "thread_name" : "restartedMain",
  "level" : "INFO",
  "level_value" : 20000,
  "caller_class_name" : "org.springframework.boot.StartupInfoLogger",
  "caller_method_name" : "logStarting",
  "caller_file_name" : "StartupInfoLogger.java",
  "caller_line_number" : 50
}
{
  "@timestamp" : "2025-04-12T17:04:27.4616978-03:00",
  "@version" : "1",
  "message" : "No active profile set, falling back to 1 default profile: \"default\"",
  "logger_name" : "com.simplesdental.ProductApplication",
  "thread_name" : "restartedMain",
  "level" : "INFO",
  "level_value" : 20000,
  "caller_class_name" : "org.springframework.boot.SpringApplication",
  "caller_method_name" : "logStartupProfileInfo",
  "caller_file_name" : "SpringApplication.java",
  "caller_line_number" : 654
}
{
  "@timestamp" : "2025-04-12T17:04:28.101217-03:00",
  "@version" : "1",
  "message" : "Started ProductApplication in 0.667 seconds (process running for 847.815)",
  "logger_name" : "com.simplesdental.ProductApplication",
  "thread_name" : "restartedMain",
  "level" : "INFO",
  "level_value" : 20000,
  "caller_class_name" : "org.springframework.boot.StartupInfoLogger",
  "caller_method_name" : "logStarted",
  "caller_file_name" : "StartupInfoLogger.java",
  "caller_line_number" : 56
}
